"../../../Engine/Plugins/2D/Paper2D/Content/PlaceholderTextures/DummySpriteTexture.ubulk" 0
"../../../Engine/Plugins/2D/Paper2D/Content/PlaceholderTextures/DummySpriteTexture.uasset" 1
"../../../Engine/Plugins/2D/Paper2D/Content/PlaceholderTextures/DummySpriteTexture.uexp" 2
"../../../Engine/Plugins/2D/Paper2D/Content/DummySprite.uasset" 3
"../../../Engine/Plugins/2D/Paper2D/Content/DummySprite.uexp" 4
"../../../Engine/Plugins/2D/Paper2D/Content/DefaultPaperTerrainMaterial.uasset" 5
"../../../Engine/Plugins/2D/Paper2D/Content/DefaultPaperTerrainMaterial.uexp" 6
"../../../Engine/Plugins/Animation/ACLPlugin/Content/ACLAnimBoneCompressionSettings.uasset" 7
"../../../Engine/Plugins/Animation/ACLPlugin/Content/ACLAnimBoneCompressionSettings.uexp" 8
"../../../Engine/Plugins/Animation/ACLPlugin/Content/ACLAnimCurveCompressionSettings.uasset" 9
"../../../Engine/Plugins/Animation/ACLPlugin/Content/ACLAnimCurveCompressionSettings.uexp" 10
"../../../Engine/Content/Animation/DefaultRecorderBoneCompression.uasset" 11
"../../../Engine/Content/Animation/DefaultRecorderBoneCompression.uexp" 12
"../../../Engine/Content/Animation/DefaultVariableFrameStrippingSettings.uasset" 13
"../../../Engine/Content/Animation/DefaultVariableFrameStrippingSettings.uexp" 14
"../../../Engine/Content/EngineFonts/Faces/DroidSansFallback.uexp" 15
"../../../Engine/Content/EngineFonts/Faces/DroidSansFallback.uasset" 16
"../../../Engine/Content/EngineFonts/Faces/DroidSansFallback.ufont" 17
"../../../Engine/Content/EngineFonts/Faces/RobotoBold.uexp" 18
"../../../Engine/Content/EngineFonts/Faces/RobotoBold.uasset" 19
"../../../Engine/Content/EngineFonts/Faces/RobotoBold.ufont" 20
"../../../Engine/Content/EngineFonts/Faces/RobotoBoldItalic.uexp" 21
"../../../Engine/Content/EngineFonts/Faces/RobotoBoldItalic.uasset" 22
"../../../Engine/Content/EngineFonts/Faces/RobotoBoldItalic.ufont" 23
"../../../Engine/Content/EngineFonts/Faces/RobotoItalic.uexp" 24
"../../../Engine/Content/EngineFonts/Faces/RobotoItalic.uasset" 25
"../../../Engine/Content/EngineFonts/Faces/RobotoItalic.ufont" 26
"../../../Engine/Content/EngineFonts/Faces/RobotoLight.uexp" 27
"../../../Engine/Content/EngineFonts/Faces/RobotoLight.uasset" 28
"../../../Engine/Content/EngineFonts/Faces/RobotoLight.ufont" 29
"../../../Engine/Content/EngineFonts/Faces/RobotoRegular.uexp" 30
"../../../Engine/Content/EngineFonts/Faces/RobotoRegular.uasset" 31
"../../../Engine/Content/EngineFonts/Faces/RobotoRegular.ufont" 32
"../../../Engine/Content/EngineFonts/Roboto.uasset" 33
"../../../Engine/Content/EngineFonts/Roboto.uexp" 34
"../../../Engine/Content/EngineMaterials/DefaultDestructiblePhysicalMaterial.uasset" 35
"../../../Engine/Content/EngineMaterials/DefaultDestructiblePhysicalMaterial.uexp" 36
"../../../Engine/Content/EngineMaterials/DefaultPhysicalMaterial.uasset" 37
"../../../Engine/Content/EngineMaterials/DefaultPhysicalMaterial.uexp" 38
"../../../Engine/Content/EngineSounds/Master.uasset" 39
"../../../Engine/Content/EngineSounds/Master.uexp" 40
"../../../Engine/Plugins/Animation/ControlRig/Content/Controls/DefaultGizmoLibraryNormalized.uasset" 41
"../../../Engine/Plugins/Animation/ControlRig/Content/Controls/DefaultGizmoLibraryNormalized.uexp" 42
"../../../Engine/Plugins/Runtime/AudioWidgets/Content/Resources/ScrubHandleDown_Clamped.uasset" 43
"../../../Engine/Plugins/Runtime/AudioWidgets/Content/Resources/ScrubHandleDown_Clamped.uexp" 44
"../../../Engine/Plugins/2D/Paper2D/Content/DefaultSpriteMaterial.uasset" 45
"../../../Engine/Plugins/2D/Paper2D/Content/DefaultSpriteMaterial.uexp" 46
"../../../Engine/Plugins/2D/Paper2D/Content/MaskedUnlitSpriteMaterial.uasset" 47
"../../../Engine/Plugins/2D/Paper2D/Content/MaskedUnlitSpriteMaterial.uexp" 48
"../../../Engine/Plugins/2D/Paper2D/Content/OpaqueUnlitSpriteMaterial.uasset" 49
"../../../Engine/Plugins/2D/Paper2D/Content/OpaqueUnlitSpriteMaterial.uexp" 50
"../../../Engine/Content/Functions/Engine_MaterialFunctions02/WorldPositionOffset/CameraOffset.uasset" 51
"../../../Engine/Content/Functions/Engine_MaterialFunctions02/WorldPositionOffset/CameraOffset.uexp" 52
"../../../Engine/Plugins/Animation/ControlRig/Content/M_Manip.uasset" 53
"../../../Engine/Plugins/Animation/ControlRig/Content/M_Manip.uexp" 54
"../../../Engine/Content/Functions/Engine_MaterialFunctions02/Utility/MakeFloat3.uasset" 55
"../../../Engine/Content/Functions/Engine_MaterialFunctions02/Utility/MakeFloat3.uexp" 56
"../../../Engine/Content/Functions/Engine_MaterialFunctions02/SplitComponents.uasset" 57
"../../../Engine/Content/Functions/Engine_MaterialFunctions02/SplitComponents.uexp" 58
"../../../Engine/Content/Functions/Engine_MaterialFunctions02/Utility/BreakOutFloat3Components.uasset" 59
"../../../Engine/Content/Functions/Engine_MaterialFunctions02/Utility/BreakOutFloat3Components.uexp" 60
"../../../Engine/Content/Functions/Engine_MaterialFunctions02/Math/Transform3x3Matrix.uasset" 61
"../../../Engine/Content/Functions/Engine_MaterialFunctions02/Math/Transform3x3Matrix.uexp" 62
"../../../Engine/Content/VREditor/SnapGrid/SnapGridMaterial.uasset" 63
"../../../Engine/Content/VREditor/SnapGrid/SnapGridMaterial.uexp" 64
"../../../Engine/Content/VREditor/SnapGrid/SnapGridPlaneMesh.ubulk" 65
"../../../Engine/Content/VREditor/SnapGrid/SnapGridPlaneMesh.uasset" 66
"../../../Engine/Content/VREditor/SnapGrid/SnapGridPlaneMesh.uexp" 67
"../../../Engine/Content/VREditor/LaserPointer/VR_LaserPower_01.ubulk" 68
"../../../Engine/Content/VREditor/LaserPointer/VR_LaserPower_01.uasset" 69
"../../../Engine/Content/VREditor/LaserPointer/VR_LaserPower_01.uexp" 70
"../../../Engine/Content/VREditor/TransformGizmo/TransformGizmoMaterial.uasset" 71
"../../../Engine/Content/VREditor/TransformGizmo/TransformGizmoMaterial.uexp" 72
"../../../Engine/Content/VREditor/TransformGizmo/TranslucentTransformGizmoMaterial.uasset" 73
"../../../Engine/Content/VREditor/TransformGizmo/TranslucentTransformGizmoMaterial.uexp" 74
"../../../Engine/Content/VREditor/TransformGizmo/PlaneTranslationHandle.ubulk" 75
"../../../Engine/Content/VREditor/TransformGizmo/PlaneTranslationHandle.uasset" 76
"../../../Engine/Content/VREditor/TransformGizmo/PlaneTranslationHandle.uexp" 77
"../../../Engine/Content/VREditor/TransformGizmo/RotationHandleFull.ubulk" 78
"../../../Engine/Content/VREditor/TransformGizmo/RotationHandleFull.uasset" 79
"../../../Engine/Content/VREditor/TransformGizmo/RotationHandleFull.uexp" 80
"../../../Engine/Content/VREditor/TransformGizmo/RotationHandleIndicator.ubulk" 81
"../../../Engine/Content/VREditor/TransformGizmo/RotationHandleIndicator.uasset" 82
"../../../Engine/Content/VREditor/TransformGizmo/RotationHandleIndicator.uexp" 83
"../../../Engine/Content/VREditor/TransformGizmo/RotationHandleQuarter.ubulk" 84
"../../../Engine/Content/VREditor/TransformGizmo/RotationHandleQuarter.uasset" 85
"../../../Engine/Content/VREditor/TransformGizmo/RotationHandleQuarter.uexp" 86
"../../../Engine/Content/VREditor/TransformGizmo/StartRotationHandleIndicator.ubulk" 87
"../../../Engine/Content/VREditor/TransformGizmo/StartRotationHandleIndicator.uasset" 88
"../../../Engine/Content/VREditor/TransformGizmo/StartRotationHandleIndicator.uexp" 89
"../../../Engine/Content/VREditor/TransformGizmo/TranslucentTransformGizmoMaterial_Inst.uasset" 90
"../../../Engine/Content/VREditor/TransformGizmo/TranslucentTransformGizmoMaterial_Inst.uexp" 91
"../../../Engine/Content/VREditor/TransformGizmo/TransformGizmoFreeRotation.ubulk" 92
"../../../Engine/Content/VREditor/TransformGizmo/TransformGizmoFreeRotation.uasset" 93
"../../../Engine/Content/VREditor/TransformGizmo/TransformGizmoFreeRotation.uexp" 94
"../../../Engine/Content/VREditor/TransformGizmo/TransformGizmoMaterial_Inst.uasset" 95
"../../../Engine/Content/VREditor/TransformGizmo/TransformGizmoMaterial_Inst.uexp" 96
"../../../Engine/Content/VREditor/TransformGizmo/TranslateArrowHandle.ubulk" 97
"../../../Engine/Content/VREditor/TransformGizmo/TranslateArrowHandle.uasset" 98
"../../../Engine/Content/VREditor/TransformGizmo/TranslateArrowHandle.uexp" 99
"../../../Engine/Content/VREditor/TransformGizmo/UniformScaleHandle.ubulk" 100
"../../../Engine/Content/VREditor/TransformGizmo/UniformScaleHandle.uasset" 101
"../../../Engine/Content/VREditor/TransformGizmo/UniformScaleHandle.uexp" 102
"../../../Engine/Content/VREditor/Sounds/UI/Drop_Item_From_ContentBrowser.ubulk" 103
"../../../Engine/Content/VREditor/Sounds/UI/Drop_Item_From_ContentBrowser.uasset" 104
"../../../Engine/Content/VREditor/Sounds/UI/Drop_Item_From_ContentBrowser.uexp" 105
"../../../Engine/Content/VREditor/Sounds/UI/Gizmo_Handle_Clicked.ubulk" 106
"../../../Engine/Content/VREditor/Sounds/UI/Gizmo_Handle_Clicked.uasset" 107
"../../../Engine/Content/VREditor/Sounds/UI/Gizmo_Handle_Clicked.uexp" 108
"../../../Engine/Content/VREditor/Sounds/UI/Object_PickUp.ubulk" 109
"../../../Engine/Content/VREditor/Sounds/UI/Object_PickUp.uasset" 110
"../../../Engine/Content/VREditor/Sounds/UI/Object_PickUp.uexp" 111
"../../../Engine/Content/VREditor/Sounds/UI/Object_Snaps_To_Another_Actor.ubulk" 112
"../../../Engine/Content/VREditor/Sounds/UI/Object_Snaps_To_Another_Actor.uasset" 113
"../../../Engine/Content/VREditor/Sounds/UI/Object_Snaps_To_Another_Actor.uexp" 114
"../../../Engine/Content/VREditor/Sounds/UI/Object_Snaps_To_Grid.ubulk" 115
"../../../Engine/Content/VREditor/Sounds/UI/Object_Snaps_To_Grid.uasset" 116
"../../../Engine/Content/VREditor/Sounds/UI/Object_Snaps_To_Grid.uexp" 117
"../../../Engine/Content/VREditor/Sounds/UI/Scaling_Down.ubulk" 118
"../../../Engine/Content/VREditor/Sounds/UI/Scaling_Down.uasset" 119
"../../../Engine/Content/VREditor/Sounds/UI/Scaling_Down.uexp" 120
"../../../Engine/Content/VREditor/Sounds/UI/Scaling_Up.ubulk" 121
"../../../Engine/Content/VREditor/Sounds/UI/Scaling_Up.uasset" 122
"../../../Engine/Content/VREditor/Sounds/UI/Scaling_Up.uexp" 123
"../../../Engine/Content/VREditor/Sounds/UI/Selection_Changes.ubulk" 124
"../../../Engine/Content/VREditor/Sounds/UI/Selection_Changes.uasset" 125
"../../../Engine/Content/VREditor/Sounds/UI/Selection_Changes.uexp" 126
"../../../Engine/Plugins/Animation/ControlRig/Content/Controls/ControlRigGizmoMaterial.uasset" 127
"../../../Engine/Plugins/Animation/ControlRig/Content/Controls/ControlRigGizmoMaterial.uexp" 128
"../../../Engine/Plugins/Animation/ControlRig/Content/Controls/ControlRigXRayMaterial.uasset" 129
"../../../Engine/Plugins/Animation/ControlRig/Content/Controls/ControlRigXRayMaterial.uexp" 130
"../../../Engine/Content/EngineMaterials/T_Default_Material_Grid_M.ubulk" 131
"../../../Engine/Content/EngineMaterials/T_Default_Material_Grid_M.uasset" 132
"../../../Engine/Content/EngineMaterials/T_Default_Material_Grid_M.uexp" 133
"../../../Engine/Content/EngineMaterials/T_Default_Material_Grid_N.ubulk" 134
"../../../Engine/Content/EngineMaterials/T_Default_Material_Grid_N.uasset" 135
"../../../Engine/Content/EngineMaterials/T_Default_Material_Grid_N.uexp" 136
"../../../Engine/Content/Functions/Engine_MaterialFunctions01/Opacity/CameraDepthFade.uasset" 137
"../../../Engine/Content/Functions/Engine_MaterialFunctions01/Opacity/CameraDepthFade.uexp" 138
"../../../Engine/Content/EngineMaterials/WorldGridMaterial.uasset" 139
"../../../Engine/Content/EngineMaterials/WorldGridMaterial.uexp" 140
"../../../Engine/Plugins/Animation/ControlRig/Content/Controls/ControlRig_Arrow2_1mm.ubulk" 141
"../../../Engine/Plugins/Animation/ControlRig/Content/Controls/ControlRig_Arrow2_1mm.uasset" 142
"../../../Engine/Plugins/Animation/ControlRig/Content/Controls/ControlRig_Arrow2_1mm.uexp" 143
"../../../Engine/Plugins/Animation/ControlRig/Content/Controls/ControlRig_Arrow2_3mm.ubulk" 144
"../../../Engine/Plugins/Animation/ControlRig/Content/Controls/ControlRig_Arrow2_3mm.uasset" 145
"../../../Engine/Plugins/Animation/ControlRig/Content/Controls/ControlRig_Arrow2_3mm.uexp" 146
"../../../Engine/Plugins/Animation/ControlRig/Content/Controls/ControlRig_Arrow2_solid.ubulk" 147
"../../../Engine/Plugins/Animation/ControlRig/Content/Controls/ControlRig_Arrow2_solid.uasset" 148
"../../../Engine/Plugins/Animation/ControlRig/Content/Controls/ControlRig_Arrow2_solid.uexp" 149
"../../../Engine/Plugins/Animation/ControlRig/Content/Controls/ControlRig_Arrow4_1mm.ubulk" 150
"../../../Engine/Plugins/Animation/ControlRig/Content/Controls/ControlRig_Arrow4_1mm.uasset" 151
"../../../Engine/Plugins/Animation/ControlRig/Content/Controls/ControlRig_Arrow4_1mm.uexp" 152
"../../../Engine/Plugins/Animation/ControlRig/Content/Controls/ControlRig_Arrow4_3mm.ubulk" 153
"../../../Engine/Plugins/Animation/ControlRig/Content/Controls/ControlRig_Arrow4_3mm.uasset" 154
"../../../Engine/Plugins/Animation/ControlRig/Content/Controls/ControlRig_Arrow4_3mm.uexp" 155
"../../../Engine/Plugins/Animation/ControlRig/Content/Controls/ControlRig_Arrow4_solid.ubulk" 156
"../../../Engine/Plugins/Animation/ControlRig/Content/Controls/ControlRig_Arrow4_solid.uasset" 157
"../../../Engine/Plugins/Animation/ControlRig/Content/Controls/ControlRig_Arrow4_solid.uexp" 158
"../../../Engine/Plugins/Animation/ControlRig/Content/Controls/ControlRig_Arrow_1mm.ubulk" 159
"../../../Engine/Plugins/Animation/ControlRig/Content/Controls/ControlRig_Arrow_1mm.uasset" 160
"../../../Engine/Plugins/Animation/ControlRig/Content/Controls/ControlRig_Arrow_1mm.uexp" 161
"../../../Engine/Plugins/Animation/ControlRig/Content/Controls/ControlRig_Arrow_3mm.ubulk" 162
"../../../Engine/Plugins/Animation/ControlRig/Content/Controls/ControlRig_Arrow_3mm.uasset" 163
"../../../Engine/Plugins/Animation/ControlRig/Content/Controls/ControlRig_Arrow_3mm.uexp" 164
"../../../Engine/Plugins/Animation/ControlRig/Content/Controls/ControlRig_Arrow_solid.ubulk" 165
"../../../Engine/Plugins/Animation/ControlRig/Content/Controls/ControlRig_Arrow_solid.uasset" 166
"../../../Engine/Plugins/Animation/ControlRig/Content/Controls/ControlRig_Arrow_solid.uexp" 167
"../../../Engine/Plugins/Animation/ControlRig/Content/Controls/ControlRig_Box_1mm.ubulk" 168
"../../../Engine/Plugins/Animation/ControlRig/Content/Controls/ControlRig_Box_1mm.uasset" 169
"../../../Engine/Plugins/Animation/ControlRig/Content/Controls/ControlRig_Box_1mm.uexp" 170
"../../../Engine/Plugins/Animation/ControlRig/Content/Controls/ControlRig_Box_3mm.ubulk" 171
"../../../Engine/Plugins/Animation/ControlRig/Content/Controls/ControlRig_Box_3mm.uasset" 172
"../../../Engine/Plugins/Animation/ControlRig/Content/Controls/ControlRig_Box_3mm.uexp" 173
"../../../Engine/Plugins/Animation/ControlRig/Content/Controls/ControlRig_Box_solid.ubulk" 174
"../../../Engine/Plugins/Animation/ControlRig/Content/Controls/ControlRig_Box_solid.uasset" 175
"../../../Engine/Plugins/Animation/ControlRig/Content/Controls/ControlRig_Box_solid.uexp" 176
"../../../Engine/Plugins/Animation/ControlRig/Content/Controls/ControlRig_Circle_1mm.ubulk" 177
"../../../Engine/Plugins/Animation/ControlRig/Content/Controls/ControlRig_Circle_1mm.uasset" 178
"../../../Engine/Plugins/Animation/ControlRig/Content/Controls/ControlRig_Circle_1mm.uexp" 179
"../../../Engine/Plugins/Animation/ControlRig/Content/Controls/ControlRig_Circle_3mm.ubulk" 180
"../../../Engine/Plugins/Animation/ControlRig/Content/Controls/ControlRig_Circle_3mm.uasset" 181
"../../../Engine/Plugins/Animation/ControlRig/Content/Controls/ControlRig_Circle_3mm.uexp" 182
"../../../Engine/Plugins/Animation/ControlRig/Content/Controls/ControlRig_Circle_solid.ubulk" 183
"../../../Engine/Plugins/Animation/ControlRig/Content/Controls/ControlRig_Circle_solid.uasset" 184
"../../../Engine/Plugins/Animation/ControlRig/Content/Controls/ControlRig_Circle_solid.uexp" 185
"../../../Engine/Plugins/Animation/ControlRig/Content/Controls/ControlRig_Diamond_1mm.ubulk" 186
"../../../Engine/Plugins/Animation/ControlRig/Content/Controls/ControlRig_Diamond_1mm.uasset" 187
"../../../Engine/Plugins/Animation/ControlRig/Content/Controls/ControlRig_Diamond_1mm.uexp" 188
"../../../Engine/Plugins/Animation/ControlRig/Content/Controls/ControlRig_Diamond_3mm.ubulk" 189
"../../../Engine/Plugins/Animation/ControlRig/Content/Controls/ControlRig_Diamond_3mm.uasset" 190
"../../../Engine/Plugins/Animation/ControlRig/Content/Controls/ControlRig_Diamond_3mm.uexp" 191
"../../../Engine/Plugins/Animation/ControlRig/Content/Controls/ControlRig_Diamond_solid.ubulk" 192
"../../../Engine/Plugins/Animation/ControlRig/Content/Controls/ControlRig_Diamond_solid.uasset" 193
"../../../Engine/Plugins/Animation/ControlRig/Content/Controls/ControlRig_Diamond_solid.uexp" 194
"../../../Engine/Plugins/Animation/ControlRig/Content/Controls/ControlRig_HalfCircle_1mm.ubulk" 195
"../../../Engine/Plugins/Animation/ControlRig/Content/Controls/ControlRig_HalfCircle_1mm.uasset" 196
"../../../Engine/Plugins/Animation/ControlRig/Content/Controls/ControlRig_HalfCircle_1mm.uexp" 197
"../../../Engine/Plugins/Animation/ControlRig/Content/Controls/ControlRig_HalfCircle_3mm.ubulk" 198
"../../../Engine/Plugins/Animation/ControlRig/Content/Controls/ControlRig_HalfCircle_3mm.uasset" 199
"../../../Engine/Plugins/Animation/ControlRig/Content/Controls/ControlRig_HalfCircle_3mm.uexp" 200
"../../../Engine/Plugins/Animation/ControlRig/Content/Controls/ControlRig_HalfCircle_solid.ubulk" 201
"../../../Engine/Plugins/Animation/ControlRig/Content/Controls/ControlRig_HalfCircle_solid.uasset" 202
"../../../Engine/Plugins/Animation/ControlRig/Content/Controls/ControlRig_HalfCircle_solid.uexp" 203
"../../../Engine/Plugins/Media/MediaPlate/Content/SM_MediaPlateScreen.ubulk" 204
"../../../Engine/Plugins/Media/MediaPlate/Content/SM_MediaPlateScreen.uasset" 205
"../../../Engine/Plugins/Media/MediaPlate/Content/SM_MediaPlateScreen.uexp" 206
"../../../Engine/Plugins/Animation/ControlRig/Content/Controls/ControlRig_Hexagon_1mm.ubulk" 207
"../../../Engine/Plugins/Animation/ControlRig/Content/Controls/ControlRig_Hexagon_1mm.uasset" 208
"../../../Engine/Plugins/Animation/ControlRig/Content/Controls/ControlRig_Hexagon_1mm.uexp" 209
"../../../Engine/Plugins/Animation/ControlRig/Content/Controls/ControlRig_Hexagon_3mm.ubulk" 210
"../../../Engine/Plugins/Animation/ControlRig/Content/Controls/ControlRig_Hexagon_3mm.uasset" 211
"../../../Engine/Plugins/Animation/ControlRig/Content/Controls/ControlRig_Hexagon_3mm.uexp" 212
"../../../Engine/Plugins/NNE/NNEDenoiser/Content/NNEDIM_ColorAlbedoNormal_Alpha.uasset" 213
"../../../Engine/Plugins/NNE/NNEDenoiser/Content/NNEDIM_ColorAlbedoNormal_Alpha.uexp" 214
"../../../Engine/Plugins/NNE/NNEDenoiser/Content/NNEDIM_ColorAlbedoNormal_Default.uasset" 215
"../../../Engine/Plugins/NNE/NNEDenoiser/Content/NNEDIM_ColorAlbedoNormal_Default.uexp" 216
"../../../Engine/Plugins/NNE/NNEDenoiser/Content/NNEDIM_HighQuality_Alpha.uasset" 217
"../../../Engine/Plugins/NNE/NNEDenoiser/Content/NNEDIM_HighQuality_Alpha.uexp" 218
"../../../Engine/Plugins/NNE/NNEDenoiser/Content/NNEDIM_HighQuality_Default.uasset" 219
"../../../Engine/Plugins/NNE/NNEDenoiser/Content/NNEDIM_HighQuality_Default.uexp" 220
"../../../Engine/Plugins/NNE/NNEDenoiser/Content/NNEDOM_Output_Alpha.uasset" 221
"../../../Engine/Plugins/NNE/NNEDenoiser/Content/NNEDOM_Output_Alpha.uexp" 222
"../../../Engine/Plugins/NNE/NNEDenoiser/Content/NNEDOM_Output_Default.uasset" 223
"../../../Engine/Plugins/NNE/NNEDenoiser/Content/NNEDOM_Output_Default.uexp" 224
"../../../Engine/Plugins/Animation/ControlRig/Content/Controls/ControlRig_Hexagon_solid.ubulk" 225
"../../../Engine/Plugins/Animation/ControlRig/Content/Controls/ControlRig_Hexagon_solid.uasset" 226
"../../../Engine/Plugins/Animation/ControlRig/Content/Controls/ControlRig_Hexagon_solid.uexp" 227
"../../../Engine/Plugins/NNE/NNEDenoiser/Content/NNEDTIM_ColorAlbedoNormal_Alpha.uasset" 228
"../../../Engine/Plugins/NNE/NNEDenoiser/Content/NNEDTIM_ColorAlbedoNormal_Alpha.uexp" 229
"../../../Engine/Plugins/NNE/NNEDenoiser/Content/NNEDTIM_ColorAlbedoNormal_Default.uasset" 230
"../../../Engine/Plugins/NNE/NNEDenoiser/Content/NNEDTIM_ColorAlbedoNormal_Default.uexp" 231
"../../../Engine/Plugins/NNE/NNEDenoiser/Content/NNEDTOM_Output_Alpha.uasset" 232
"../../../Engine/Plugins/NNE/NNEDenoiser/Content/NNEDTOM_Output_Alpha.uexp" 233
"../../../Engine/Plugins/NNE/NNEDenoiser/Content/NNEDTOM_Output_Default.uasset" 234
"../../../Engine/Plugins/NNE/NNEDenoiser/Content/NNEDTOM_Output_Default.uexp" 235
"../../../Engine/Plugins/NNE/NNEDenoiser/Content/NNEDT_Oidn2-3_Balanced.uasset" 236
"../../../Engine/Plugins/NNE/NNEDenoiser/Content/NNEDT_Oidn2-3_Balanced.uexp" 237
"../../../Engine/Plugins/NNE/NNEDenoiser/Content/NNEDT_Oidn2-3_Balanced_Alpha.uasset" 238
"../../../Engine/Plugins/NNE/NNEDenoiser/Content/NNEDT_Oidn2-3_Balanced_Alpha.uexp" 239
"../../../Engine/Plugins/NNE/NNEDenoiser/Content/NNED_Oidn2-3_Balanced.uasset" 240
"../../../Engine/Plugins/NNE/NNEDenoiser/Content/NNED_Oidn2-3_Balanced.uexp" 241
"../../../Engine/Plugins/NNE/NNEDenoiser/Content/NNED_Oidn2-3_Balanced_Alpha.uasset" 242
"../../../Engine/Plugins/NNE/NNEDenoiser/Content/NNED_Oidn2-3_Balanced_Alpha.uexp" 243
"../../../Engine/Plugins/NNE/NNEDenoiser/Content/NNED_Oidn2-3_Fast.uasset" 244
"../../../Engine/Plugins/NNE/NNEDenoiser/Content/NNED_Oidn2-3_Fast.uexp" 245
"../../../Engine/Plugins/NNE/NNEDenoiser/Content/NNED_Oidn2-3_Fast_Alpha.uasset" 246
"../../../Engine/Plugins/NNE/NNEDenoiser/Content/NNED_Oidn2-3_Fast_Alpha.uexp" 247
"../../../Engine/Plugins/NNE/NNEDenoiser/Content/NNED_Oidn2-3_HighQuality.uasset" 248
"../../../Engine/Plugins/NNE/NNEDenoiser/Content/NNED_Oidn2-3_HighQuality.uexp" 249
"../../../Engine/Plugins/NNE/NNEDenoiser/Content/NNED_Oidn2-3_HighQuality_Alpha.uasset" 250
"../../../Engine/Plugins/NNE/NNEDenoiser/Content/NNED_Oidn2-3_HighQuality_Alpha.uexp" 251
"../../../Engine/Plugins/NNE/NNEDenoiser/Content/NNE_oidn2-3-0_rt_hdr_alb_nrm_small__dyn__fp16_opset11_DenoiseAlpha.uasset" 252
"../../../Engine/Plugins/NNE/NNEDenoiser/Content/NNE_oidn2-3-0_rt_hdr_alb_nrm_small__dyn__fp16_opset11_DenoiseAlpha.uexp" 253
"../../../Engine/Plugins/NNE/NNEDenoiser/Content/NNE_oidn2-3-0_rt_hdr_alb_nrm_small__dyn__fp16_opset11_ForwardAlpha.uasset" 254
"../../../Engine/Plugins/NNE/NNEDenoiser/Content/NNE_oidn2-3-0_rt_hdr_alb_nrm_small__dyn__fp16_opset11_ForwardAlpha.uexp" 255
"../../../Engine/Plugins/NNE/NNEDenoiser/Content/NNE_oidn2-3-0_rt_hdr_alb_nrm__dyn__fp16_opset11_DenoiseAlpha.uasset" 256
"../../../Engine/Plugins/NNE/NNEDenoiser/Content/NNE_oidn2-3-0_rt_hdr_alb_nrm__dyn__fp16_opset11_DenoiseAlpha.uexp" 257
"../../../Engine/Plugins/NNE/NNEDenoiser/Content/NNE_oidn2-3-0_rt_hdr_alb_nrm__dyn__fp16_opset11_ForwardAlpha.uasset" 258
"../../../Engine/Plugins/NNE/NNEDenoiser/Content/NNE_oidn2-3-0_rt_hdr_alb_nrm__dyn__fp16_opset11_ForwardAlpha.uexp" 259
"../../../Engine/Plugins/NNE/NNEDenoiser/Content/NNE_oidn2-3-0_rt_hdr_calb_cnrm_large__dyn__fp16_opset11_DenoiseAlpha.uasset" 260
"../../../Engine/Plugins/NNE/NNEDenoiser/Content/NNE_oidn2-3-0_rt_hdr_calb_cnrm_large__dyn__fp16_opset11_DenoiseAlpha.uexp" 261
"../../../Engine/Plugins/NNE/NNEDenoiser/Content/NNE_oidn2-3-0_rt_hdr_calb_cnrm_large__dyn__fp16_opset11_ForwardAlpha.uasset" 262
"../../../Engine/Plugins/NNE/NNEDenoiser/Content/NNE_oidn2-3-0_rt_hdr_calb_cnrm_large__dyn__fp16_opset11_ForwardAlpha.uexp" 263
"../../../Engine/Plugins/Animation/ControlRig/Content/Controls/ControlRig_Octagon_1mm.ubulk" 264
"../../../Engine/Plugins/Animation/ControlRig/Content/Controls/ControlRig_Octagon_1mm.uasset" 265
"../../../Engine/Plugins/Animation/ControlRig/Content/Controls/ControlRig_Octagon_1mm.uexp" 266
"../../../Engine/Plugins/Animation/ControlRig/Content/Controls/ControlRig_Octagon_3mm.ubulk" 267
"../../../Engine/Plugins/Animation/ControlRig/Content/Controls/ControlRig_Octagon_3mm.uasset" 268
"../../../Engine/Plugins/Animation/ControlRig/Content/Controls/ControlRig_Octagon_3mm.uexp" 269
"../../../Engine/Plugins/Animation/ControlRig/Content/Controls/ControlRig_Octagon_solid.ubulk" 270
"../../../Engine/Plugins/Animation/ControlRig/Content/Controls/ControlRig_Octagon_solid.uasset" 271
"../../../Engine/Plugins/Animation/ControlRig/Content/Controls/ControlRig_Octagon_solid.uexp" 272
"../../../Engine/Plugins/Animation/ControlRig/Content/Controls/ControlRig_Pyramid_1mm.ubulk" 273
"../../../Engine/Plugins/Animation/ControlRig/Content/Controls/ControlRig_Pyramid_1mm.uasset" 274
"../../../Engine/Plugins/Animation/ControlRig/Content/Controls/ControlRig_Pyramid_1mm.uexp" 275
"../../../Engine/Plugins/Animation/ControlRig/Content/Controls/ControlRig_Pyramid_3mm.ubulk" 276
"../../../Engine/Plugins/Animation/ControlRig/Content/Controls/ControlRig_Pyramid_3mm.uasset" 277
"../../../Engine/Plugins/Animation/ControlRig/Content/Controls/ControlRig_Pyramid_3mm.uexp" 278
"../../../Engine/Plugins/Animation/ControlRig/Content/Controls/ControlRig_Pyramid_solid.ubulk" 279
"../../../Engine/Plugins/Animation/ControlRig/Content/Controls/ControlRig_Pyramid_solid.uasset" 280
"../../../Engine/Plugins/Animation/ControlRig/Content/Controls/ControlRig_Pyramid_solid.uexp" 281
"../../../Engine/Plugins/Animation/ControlRig/Content/Controls/ControlRig_QuarterCircle_1mm.ubulk" 282
"../../../Engine/Plugins/Animation/ControlRig/Content/Controls/ControlRig_QuarterCircle_1mm.uasset" 283
"../../../Engine/Plugins/Animation/ControlRig/Content/Controls/ControlRig_QuarterCircle_1mm.uexp" 284
"../../../Engine/Plugins/Animation/ControlRig/Content/Controls/ControlRig_QuarterCircle_3mm.ubulk" 285
"../../../Engine/Plugins/Animation/ControlRig/Content/Controls/ControlRig_QuarterCircle_3mm.uasset" 286
"../../../Engine/Plugins/Animation/ControlRig/Content/Controls/ControlRig_QuarterCircle_3mm.uexp" 287
"../../../Engine/Plugins/Animation/ControlRig/Content/Controls/ControlRig_QuarterCircle_solid.ubulk" 288
"../../../Engine/Plugins/Animation/ControlRig/Content/Controls/ControlRig_QuarterCircle_solid.uasset" 289
"../../../Engine/Plugins/Animation/ControlRig/Content/Controls/ControlRig_QuarterCircle_solid.uexp" 290
"../../../Engine/Plugins/Animation/ControlRig/Content/Controls/ControlRig_RoundedSquare_1mm.ubulk" 291
"../../../Engine/Plugins/Animation/ControlRig/Content/Controls/ControlRig_RoundedSquare_1mm.uasset" 292
"../../../Engine/Plugins/Animation/ControlRig/Content/Controls/ControlRig_RoundedSquare_1mm.uexp" 293
"../../../Engine/Plugins/Animation/ControlRig/Content/Controls/ControlRig_RoundedSquare_3mm.ubulk" 294
"../../../Engine/Plugins/Animation/ControlRig/Content/Controls/ControlRig_RoundedSquare_3mm.uasset" 295
"../../../Engine/Plugins/Animation/ControlRig/Content/Controls/ControlRig_RoundedSquare_3mm.uexp" 296
"../../../Engine/Plugins/Animation/ControlRig/Content/Controls/ControlRig_RoundedSquare_solid.ubulk" 297
"../../../Engine/Plugins/Animation/ControlRig/Content/Controls/ControlRig_RoundedSquare_solid.uasset" 298
"../../../Engine/Plugins/Animation/ControlRig/Content/Controls/ControlRig_RoundedSquare_solid.uexp" 299
"../../../Engine/Plugins/Animation/ControlRig/Content/Controls/ControlRig_RoundedTriangle_1mm.ubulk" 300
"../../../Engine/Plugins/Animation/ControlRig/Content/Controls/ControlRig_RoundedTriangle_1mm.uasset" 301
"../../../Engine/Plugins/Animation/ControlRig/Content/Controls/ControlRig_RoundedTriangle_1mm.uexp" 302
"../../../Engine/Plugins/Animation/ControlRig/Content/Controls/ControlRig_RoundedTriangle_3mm.ubulk" 303
"../../../Engine/Plugins/Animation/ControlRig/Content/Controls/ControlRig_RoundedTriangle_3mm.uasset" 304
"../../../Engine/Plugins/Animation/ControlRig/Content/Controls/ControlRig_RoundedTriangle_3mm.uexp" 305
"../../../Engine/Plugins/Animation/ControlRig/Content/Controls/ControlRig_RoundedTriangle_solid.ubulk" 306
"../../../Engine/Plugins/Animation/ControlRig/Content/Controls/ControlRig_RoundedTriangle_solid.uasset" 307
"../../../Engine/Plugins/Animation/ControlRig/Content/Controls/ControlRig_RoundedTriangle_solid.uexp" 308
"../../../Engine/Plugins/Animation/ControlRig/Content/Controls/ControlRig_Sphere_1mm.ubulk" 309
"../../../Engine/Plugins/Animation/ControlRig/Content/Controls/ControlRig_Sphere_1mm.uasset" 310
"../../../Engine/Plugins/Animation/ControlRig/Content/Controls/ControlRig_Sphere_1mm.uexp" 311
"../../../Engine/Plugins/Animation/ControlRig/Content/Controls/ControlRig_Sphere_3mm.ubulk" 312
"../../../Engine/Plugins/Animation/ControlRig/Content/Controls/ControlRig_Sphere_3mm.uasset" 313
"../../../Engine/Plugins/Animation/ControlRig/Content/Controls/ControlRig_Sphere_3mm.uexp" 314
"../../../Engine/Plugins/Animation/ControlRig/Content/Controls/ControlRig_Sphere_solid.ubulk" 315
"../../../Engine/Plugins/Animation/ControlRig/Content/Controls/ControlRig_Sphere_solid.uasset" 316
"../../../Engine/Plugins/Animation/ControlRig/Content/Controls/ControlRig_Sphere_solid.uexp" 317
"../../../Engine/Plugins/Animation/ControlRig/Content/Controls/ControlRig_Square_1mm.ubulk" 318
"../../../Engine/Plugins/Animation/ControlRig/Content/Controls/ControlRig_Square_1mm.uasset" 319
"../../../Engine/Plugins/Animation/ControlRig/Content/Controls/ControlRig_Square_1mm.uexp" 320
"../../../Engine/Plugins/Animation/ControlRig/Content/Controls/ControlRig_Square_3mm.ubulk" 321
"../../../Engine/Plugins/Animation/ControlRig/Content/Controls/ControlRig_Square_3mm.uasset" 322
"../../../Engine/Plugins/Animation/ControlRig/Content/Controls/ControlRig_Square_3mm.uexp" 323
"../../../Engine/Plugins/Animation/ControlRig/Content/Controls/ControlRig_Square_solid.ubulk" 324
"../../../Engine/Plugins/Animation/ControlRig/Content/Controls/ControlRig_Square_solid.uasset" 325
"../../../Engine/Plugins/Animation/ControlRig/Content/Controls/ControlRig_Square_solid.uexp" 326
"../../../Engine/Plugins/Animation/ControlRig/Content/Controls/ControlRig_Star4_1mm.ubulk" 327
"../../../Engine/Plugins/Animation/ControlRig/Content/Controls/ControlRig_Star4_1mm.uasset" 328
"../../../Engine/Plugins/Animation/ControlRig/Content/Controls/ControlRig_Star4_1mm.uexp" 329
"../../../Engine/Plugins/Animation/ControlRig/Content/Controls/ControlRig_Star4_3mm.ubulk" 330
"../../../Engine/Plugins/Animation/ControlRig/Content/Controls/ControlRig_Star4_3mm.uasset" 331
"../../../Engine/Plugins/Animation/ControlRig/Content/Controls/ControlRig_Star4_3mm.uexp" 332
"../../../Engine/Plugins/Animation/ControlRig/Content/Controls/ControlRig_Star4_solid.ubulk" 333
"../../../Engine/Plugins/Animation/ControlRig/Content/Controls/ControlRig_Star4_solid.uasset" 334
"../../../Engine/Plugins/Animation/ControlRig/Content/Controls/ControlRig_Star4_solid.uexp" 335
"../../../Engine/Plugins/Animation/ControlRig/Content/Controls/ControlRig_Triangle_1mm.ubulk" 336
"../../../Engine/Plugins/Animation/ControlRig/Content/Controls/ControlRig_Triangle_1mm.uasset" 337
"../../../Engine/Plugins/Animation/ControlRig/Content/Controls/ControlRig_Triangle_1mm.uexp" 338
"../../../Engine/Plugins/Animation/ControlRig/Content/Controls/ControlRig_Triangle_3mm.ubulk" 339
"../../../Engine/Plugins/Animation/ControlRig/Content/Controls/ControlRig_Triangle_3mm.uasset" 340
"../../../Engine/Plugins/Animation/ControlRig/Content/Controls/ControlRig_Triangle_3mm.uexp" 341
"../../../Engine/Plugins/Animation/ControlRig/Content/Controls/ControlRig_Triangle_solid.ubulk" 342
"../../../Engine/Plugins/Animation/ControlRig/Content/Controls/ControlRig_Triangle_solid.uasset" 343
"../../../Engine/Plugins/Animation/ControlRig/Content/Controls/ControlRig_Triangle_solid.uexp" 344
"../../../Engine/Plugins/Animation/ControlRig/Content/Controls/ControlRig_Wedge_1mm.ubulk" 345
"../../../Engine/Plugins/Animation/ControlRig/Content/Controls/ControlRig_Wedge_1mm.uasset" 346
"../../../Engine/Plugins/Animation/ControlRig/Content/Controls/ControlRig_Wedge_1mm.uexp" 347
"../../../Engine/Plugins/Animation/ControlRig/Content/Controls/ControlRig_Wedge_3mm.ubulk" 348
"../../../Engine/Plugins/Animation/ControlRig/Content/Controls/ControlRig_Wedge_3mm.uasset" 349
"../../../Engine/Plugins/Animation/ControlRig/Content/Controls/ControlRig_Wedge_3mm.uexp" 350
"../../../Engine/Plugins/Animation/ControlRig/Content/Controls/ControlRig_Wedge_solid.ubulk" 351
"../../../Engine/Plugins/Animation/ControlRig/Content/Controls/ControlRig_Wedge_solid.uasset" 352
"../../../Engine/Plugins/Animation/ControlRig/Content/Controls/ControlRig_Wedge_solid.uexp" 353
"../../../Engine/Plugins/Runtime/HairStrands/Content/Materials/HairCardsDefaultMaterial.uasset" 354
"../../../Engine/Plugins/Runtime/HairStrands/Content/Materials/HairCardsDefaultMaterial.uexp" 355
"../../../Engine/Content/Functions/Engine_MaterialFunctions02/Utility/MakeFloat2.uasset" 356
"../../../Engine/Content/Functions/Engine_MaterialFunctions02/Utility/MakeFloat2.uexp" 357
"../../../Engine/Content/EngineMaterials/HairColorMap.uasset" 358
"../../../Engine/Content/EngineMaterials/HairColorMap.uexp" 359
"../../../Engine/Content/EngineMaterials/HairDebugColor.uasset" 360
"../../../Engine/Content/EngineMaterials/HairDebugColor.uexp" 361
"../../../Engine/Plugins/Runtime/HairStrands/Content/Materials/HairGroupColors.uasset" 362
"../../../Engine/Plugins/Runtime/HairStrands/Content/Materials/HairGroupColors.uexp" 363
"../../../Engine/Plugins/Runtime/HairStrands/Content/Materials/HairDebugMaterial.uasset" 364
"../../../Engine/Plugins/Runtime/HairStrands/Content/Materials/HairDebugMaterial.uexp" 365
"../../../Engine/Plugins/Runtime/HairStrands/Content/Materials/HairDefaultMaterial.uasset" 366
"../../../Engine/Plugins/Runtime/HairStrands/Content/Materials/HairDefaultMaterial.uexp" 367
"../../../Engine/Plugins/Runtime/HairStrands/Content/Materials/HairMeshesDefaultMaterial.uasset" 368
"../../../Engine/Plugins/Runtime/HairStrands/Content/Materials/HairMeshesDefaultMaterial.uexp" 369
"../../../Engine/Plugins/Animation/DeformerGraph/Content/DeformerFunctions/DG_Function_LinearBlendSkin_Morph_Cloth.uasset" 370
"../../../Engine/Plugins/Animation/DeformerGraph/Content/DeformerFunctions/DG_Function_LinearBlendSkin_Morph_Cloth.uexp" 371
"../../../Engine/Plugins/Animation/DeformerGraph/Content/Deformers/DG_LinearBlendSkin_Morph_Cloth.uasset" 372
"../../../Engine/Plugins/Animation/DeformerGraph/Content/Deformers/DG_LinearBlendSkin_Morph_Cloth.uexp" 373
"../../../Engine/Plugins/Animation/DeformerGraph/Content/DeformerFunctions/DG_Function_ComputeNormalsTangents.uasset" 374
"../../../Engine/Plugins/Animation/DeformerGraph/Content/DeformerFunctions/DG_Function_ComputeNormalsTangents.uexp" 375
"../../../Engine/Plugins/Animation/DeformerGraph/Content/DeformerFunctions/DG_Function_LinearBlendSkin_Morph_Cloth_PositionOnly.uasset" 376
"../../../Engine/Plugins/Animation/DeformerGraph/Content/DeformerFunctions/DG_Function_LinearBlendSkin_Morph_Cloth_PositionOnly.uexp" 377
"../../../Engine/Plugins/Animation/DeformerGraph/Content/Deformers/DG_LinearBlendSkin_Morph_Cloth_RecomputeNormals.uasset" 378
"../../../Engine/Plugins/Animation/DeformerGraph/Content/Deformers/DG_LinearBlendSkin_Morph_Cloth_RecomputeNormals.uexp" 379
"../../../Engine/Content/Functions/Engine_MaterialFunctions02/Utility/VectorLength.uasset" 380
"../../../Engine/Content/Functions/Engine_MaterialFunctions02/Utility/VectorLength.uexp" 381
"../../../Engine/Content/Functions/Engine_MaterialFunctions02/WorldPositionOffset/ObjectScale.uasset" 382
"../../../Engine/Content/Functions/Engine_MaterialFunctions02/WorldPositionOffset/ObjectScale.uexp" 383
"../../../Engine/Plugins/Editor/SpeedTreeImporter/Content/SpeedTree9/Empty.uasset" 384
"../../../Engine/Plugins/Editor/SpeedTreeImporter/Content/SpeedTree9/Empty.uexp" 385
"../../../Engine/Plugins/Editor/SpeedTreeImporter/Content/SpeedTree9/EmptyNormal.uasset" 386
"../../../Engine/Plugins/Editor/SpeedTreeImporter/Content/SpeedTree9/EmptyNormal.uexp" 387
"../../../Engine/Plugins/Editor/SpeedTreeImporter/Content/SpeedTree9/game_wind_noise.ubulk" 388
"../../../Engine/Plugins/Editor/SpeedTreeImporter/Content/SpeedTree9/game_wind_noise.uasset" 389
"../../../Engine/Plugins/Editor/SpeedTreeImporter/Content/SpeedTree9/game_wind_noise.uexp" 390
"../../../Engine/Plugins/Editor/SpeedTreeImporter/Content/SpeedTree9/SpeedTreeBillboard.uasset" 391
"../../../Engine/Plugins/Editor/SpeedTreeImporter/Content/SpeedTree9/SpeedTreeBillboard.uexp" 392
"../../../Engine/Content/Functions/Engine_MaterialFunctions02/SafeNormalize.uasset" 393
"../../../Engine/Content/Functions/Engine_MaterialFunctions02/SafeNormalize.uexp" 394
"../../../Engine/Plugins/Editor/SpeedTreeImporter/Content/SpeedTree9/SpeedTreeWindMotion.uasset" 395
"../../../Engine/Plugins/Editor/SpeedTreeImporter/Content/SpeedTree9/SpeedTreeWindMotion.uexp" 396
"../../../Engine/Plugins/Editor/SpeedTreeImporter/Content/SpeedTree9/UnpackDirection.uasset" 397
"../../../Engine/Plugins/Editor/SpeedTreeImporter/Content/SpeedTree9/UnpackDirection.uexp" 398
"../../../Engine/Plugins/Editor/SpeedTreeImporter/Content/SpeedTree9/UnpackInteger3.uasset" 399
"../../../Engine/Plugins/Editor/SpeedTreeImporter/Content/SpeedTree9/UnpackInteger3.uexp" 400
"../../../Engine/Plugins/Editor/SpeedTreeImporter/Content/SpeedTree9/SpeedTreeBranchMotion.uasset" 401
"../../../Engine/Plugins/Editor/SpeedTreeImporter/Content/SpeedTree9/SpeedTreeBranchMotion.uexp" 402
"../../../Engine/Content/Functions/Engine_MaterialFunctions02/ObjectLocalBounds.uasset" 403
"../../../Engine/Content/Functions/Engine_MaterialFunctions02/ObjectLocalBounds.uexp" 404
"../../../Engine/Content/Functions/Engine_MaterialFunctions02/UVs/BoundingBoxBased_0-1_UVW.uasset" 405
"../../../Engine/Content/Functions/Engine_MaterialFunctions02/UVs/BoundingBoxBased_0-1_UVW.uexp" 406
"../../../Engine/Plugins/Editor/SpeedTreeImporter/Content/SpeedTree9/SpeedTreeWind.uasset" 407
"../../../Engine/Plugins/Editor/SpeedTreeImporter/Content/SpeedTree9/SpeedTreeWind.uexp" 408
"../../../Engine/Plugins/Editor/SpeedTreeImporter/Content/SpeedTree9/SpeedTreeBillboardMaster.uasset" 409
"../../../Engine/Plugins/Editor/SpeedTreeImporter/Content/SpeedTree9/SpeedTreeBillboardMaster.uexp" 410
"../../../Engine/Plugins/Editor/SpeedTreeImporter/Content/SpeedTree9/SpeedTreeCameraFacing.uasset" 411
"../../../Engine/Plugins/Editor/SpeedTreeImporter/Content/SpeedTree9/SpeedTreeCameraFacing.uexp" 412
"../../../Engine/Plugins/Editor/SpeedTreeImporter/Content/SpeedTree9/SpeedTreeMaster.uasset" 413
"../../../Engine/Plugins/Editor/SpeedTreeImporter/Content/SpeedTree9/SpeedTreeMaster.uexp" 414
"../../../Engine/Content/EngineMaterials/DefaultMaterial.uasset" 415
"../../../Engine/Content/EngineMaterials/DefaultMaterial.uexp" 416
"../../../Engine/Content/BasicShapes/Cone.ubulk" 417
"../../../Engine/Content/BasicShapes/Cone.uasset" 418
"../../../Engine/Content/BasicShapes/Cone.uexp" 419
"../../../Engine/Content/BasicShapes/Cube.ubulk" 420
"../../../Engine/Content/BasicShapes/Cube.uasset" 421
"../../../Engine/Content/BasicShapes/Cube.uexp" 422
"../../../Engine/Content/BasicShapes/Cylinder.ubulk" 423
"../../../Engine/Content/BasicShapes/Cylinder.uasset" 424
"../../../Engine/Content/BasicShapes/Cylinder.uexp" 425
"../../../Engine/Content/BasicShapes/Plane.ubulk" 426
"../../../Engine/Content/BasicShapes/Plane.uasset" 427
"../../../Engine/Content/BasicShapes/Plane.uexp" 428
"../../../Engine/Content/EditorMaterials/Dataflow/DataflowTwoSidedVertexMaterial.uasset" 429
"../../../Engine/Content/EditorMaterials/Dataflow/DataflowTwoSidedVertexMaterial.uexp" 430
"../../../Engine/Content/EditorMaterials/Dataflow/DataflowVertexMaterial.uasset" 431
"../../../Engine/Content/EditorMaterials/Dataflow/DataflowVertexMaterial.uexp" 432
"../../../Engine/Content/EditorLandscapeResources/DefaultAlphaTexture.uasset" 433
"../../../Engine/Content/EditorLandscapeResources/DefaultAlphaTexture.uexp" 434
"../../../Engine/Content/EditorLandscapeResources/ColorMaskBrushMaterial.uasset" 435
"../../../Engine/Content/EditorLandscapeResources/ColorMaskBrushMaterial.uexp" 436
"../../../Engine/Content/EditorLandscapeResources/ColorMaskBrushMaterial_MaskedRegion.uasset" 437
"../../../Engine/Content/EditorLandscapeResources/ColorMaskBrushMaterial_MaskedRegion.uexp" 438
"../../../Engine/Content/EditorLandscapeResources/LandscapeDirtyMaterial.uasset" 439
"../../../Engine/Content/EditorLandscapeResources/LandscapeDirtyMaterial.uexp" 440
"../../../Engine/Content/EngineMaterials/DefaultDiffuse.ubulk" 441
"../../../Engine/Content/EngineMaterials/DefaultDiffuse.uasset" 442
"../../../Engine/Content/EngineMaterials/DefaultDiffuse.uexp" 443
"../../../Engine/Content/Functions/Engine_MaterialFunctions01/Texturing/TextureCropping.uasset" 444
"../../../Engine/Content/Functions/Engine_MaterialFunctions01/Texturing/TextureCropping.uexp" 445
"../../../Engine/Content/Functions/Engine_MaterialFunctions02/ExampleContent/DebugNumberStrip.uasset" 446
"../../../Engine/Content/Functions/Engine_MaterialFunctions02/ExampleContent/DebugNumberStrip.uexp" 447
"../../../Engine/Content/Functions/Engine_MaterialFunctions01/Debug/DebugIntValues.uasset" 448
"../../../Engine/Content/Functions/Engine_MaterialFunctions01/Debug/DebugIntValues.uexp" 449
"../../../Engine/Content/Functions/Engine_MaterialFunctions02/Utility/BreakOutFloat2Components.uasset" 450
"../../../Engine/Content/Functions/Engine_MaterialFunctions02/Utility/BreakOutFloat2Components.uexp" 451
"../../../Engine/Content/Functions/Engine_MaterialFunctions01/Texturing/ScaleUVsByCenter.uasset" 452
"../../../Engine/Content/Functions/Engine_MaterialFunctions01/Texturing/ScaleUVsByCenter.uexp" 453
"../../../Engine/Content/Functions/Engine_MaterialFunctions02/WorldPositionOffset/LocalPosition.uasset" 454
"../../../Engine/Content/Functions/Engine_MaterialFunctions02/WorldPositionOffset/LocalPosition.uexp" 455
"../../../Engine/Content/EditorLandscapeResources/LandscapeLayerUsageMaterial.uasset" 456
"../../../Engine/Content/EditorLandscapeResources/LandscapeLayerUsageMaterial.uexp" 457
"../../../Engine/Content/EditorLandscapeResources/WhiteSquareTexture.uasset" 458
"../../../Engine/Content/EditorLandscapeResources/WhiteSquareTexture.uexp" 459
"../../../Engine/Content/EditorLandscapeResources/LayerVisMaterial.uasset" 460
"../../../Engine/Content/EditorLandscapeResources/LayerVisMaterial.uexp" 461
"../../../Engine/Content/Functions/Engine_MaterialFunctions03/Math/WithinRangeFloat2.uasset" 462
"../../../Engine/Content/Functions/Engine_MaterialFunctions03/Math/WithinRangeFloat2.uexp" 463
"../../../Engine/Content/EditorLandscapeResources/MaskBrushMaterial.uasset" 464
"../../../Engine/Content/EditorLandscapeResources/MaskBrushMaterial.uexp" 465
"../../../Engine/Content/EditorLandscapeResources/MaskBrushMaterial_MaskedRegion.uasset" 466
"../../../Engine/Content/EditorLandscapeResources/MaskBrushMaterial_MaskedRegion.uexp" 467
"../../../Engine/Content/EditorLandscapeResources/SelectBrushMaterial.uasset" 468
"../../../Engine/Content/EditorLandscapeResources/SelectBrushMaterial.uexp" 469
"../../../Engine/Content/EditorLandscapeResources/SelectBrushMaterial_Selected.uasset" 470
"../../../Engine/Content/EditorLandscapeResources/SelectBrushMaterial_Selected.uexp" 471
"../../../Engine/Content/EditorLandscapeResources/SelectBrushMaterial_SelectedRegion.uasset" 472
"../../../Engine/Content/EditorLandscapeResources/SelectBrushMaterial_SelectedRegion.uexp" 473
"../../../Engine/Content/EditorLandscapeResources/SplineEditorMeshMat.uasset" 474
"../../../Engine/Content/EditorLandscapeResources/SplineEditorMeshMat.uexp" 475
"../../../Engine/Content/EditorLandscapeResources/SplineEditorMesh.ubulk" 476
"../../../Engine/Content/EditorLandscapeResources/SplineEditorMesh.uasset" 477
"../../../Engine/Content/EditorLandscapeResources/SplineEditorMesh.uexp" 478
"../../../Engine/Content/EditorMaterials/ParticleSystems/PSysThumbnail_NoImage.ubulk" 479
"../../../Engine/Content/EditorMaterials/ParticleSystems/PSysThumbnail_NoImage.uasset" 480
"../../../Engine/Content/EditorMaterials/ParticleSystems/PSysThumbnail_NoImage.uexp" 481
"../../../Engine/Content/EditorMaterials/ParticleSystems/PSysThumbnail_OOD.ubulk" 482
"../../../Engine/Content/EditorMaterials/ParticleSystems/PSysThumbnail_OOD.uasset" 483
"../../../Engine/Content/EditorMaterials/ParticleSystems/PSysThumbnail_OOD.uexp" 484
"../../../Engine/Content/Functions/Engine_MaterialFunctions02/Utility/CameraDirectionVector.uasset" 485
"../../../Engine/Content/Functions/Engine_MaterialFunctions02/Utility/CameraDirectionVector.uexp" 486
"../../../Engine/Plugins/Experimental/MeshModelingToolsetExp/Content/Materials/GetDisplacementVectorForDepthBias.uasset" 487
"../../../Engine/Plugins/Experimental/MeshModelingToolsetExp/Content/Materials/GetDisplacementVectorForDepthBias.uexp" 488
"../../../Engine/Content/Functions/Engine_MaterialFunctions03/Viewport/MF_OrthoWidth.uasset" 489
"../../../Engine/Content/Functions/Engine_MaterialFunctions03/Viewport/MF_OrthoWidth.uexp" 490
"../../../Engine/Content/Functions/Engine_MaterialFunctions02/Utility/FOV.uasset" 491
"../../../Engine/Content/Functions/Engine_MaterialFunctions02/Utility/FOV.uexp" 492
"../../../Engine/Content/Functions/Engine_MaterialFunctions02/WorldPositionOffset/V2/ObjectScale.uasset" 493
"../../../Engine/Content/Functions/Engine_MaterialFunctions02/WorldPositionOffset/V2/ObjectScale.uexp" 494
"../../../Engine/Plugins/Experimental/MeshModelingToolsetExp/Content/Materials/PointSetOverlaidComponentMaterial.uasset" 495
"../../../Engine/Plugins/Experimental/MeshModelingToolsetExp/Content/Materials/PointSetOverlaidComponentMaterial.uexp" 496
"../../../Engine/Content/EditorMaterials/Camera/CineMat.uasset" 497
"../../../Engine/Content/EditorMaterials/Camera/CineMat.uexp" 498
"../../../Engine/Content/EditorMaterials/Camera/MI_CineMat_Rig.uasset" 499
"../../../Engine/Content/EditorMaterials/Camera/MI_CineMat_Rig.uexp" 500
"../../../Engine/Content/EditorMeshes/Camera/SM_CraneRig_Arm.ubulk" 501
"../../../Engine/Content/EditorMeshes/Camera/SM_CraneRig_Arm.uasset" 502
"../../../Engine/Content/EditorMeshes/Camera/SM_CraneRig_Arm.uexp" 503
"../../../Engine/Content/EditorMeshes/Camera/SM_CraneRig_Base.ubulk" 504
"../../../Engine/Content/EditorMeshes/Camera/SM_CraneRig_Base.uasset" 505
"../../../Engine/Content/EditorMeshes/Camera/SM_CraneRig_Base.uexp" 506
"../../../Engine/Content/EditorMeshes/Camera/SM_CraneRig_Body.ubulk" 507
"../../../Engine/Content/EditorMeshes/Camera/SM_CraneRig_Body.uasset" 508
"../../../Engine/Content/EditorMeshes/Camera/SM_CraneRig_Body.uexp" 509
"../../../Engine/Content/EditorMeshes/Camera/SM_CraneRig_Mount.ubulk" 510
"../../../Engine/Content/EditorMeshes/Camera/SM_CraneRig_Mount.uasset" 511
"../../../Engine/Content/EditorMeshes/Camera/SM_CraneRig_Mount.uexp" 512
"../../../Engine/Content/EditorMeshes/Camera/SM_RailRig_Mount.ubulk" 513
"../../../Engine/Content/EditorMeshes/Camera/SM_RailRig_Mount.uasset" 514
"../../../Engine/Content/EditorMeshes/Camera/SM_RailRig_Mount.uexp" 515
"../../../Engine/Content/EditorMeshes/Camera/SM_RailRig_Track.ubulk" 516
"../../../Engine/Content/EditorMeshes/Camera/SM_RailRig_Track.uasset" 517
"../../../Engine/Content/EditorMeshes/Camera/SM_RailRig_Track.uexp" 518
"../../../Engine/Content/EditorResources/SequenceRecorder/Countdown.uasset" 519
"../../../Engine/Content/EditorResources/SequenceRecorder/Countdown.uexp" 520
"../../../Engine/Content/EditorResources/SequenceRecorder/RecordingIndicator.uasset" 521
"../../../Engine/Content/EditorResources/SequenceRecorder/RecordingIndicator.uexp" 522
"../../../Engine/Content/VREditor/TransformGizmo/BoundingBoxCorner.ubulk" 523
"../../../Engine/Content/VREditor/TransformGizmo/BoundingBoxCorner.uasset" 524
"../../../Engine/Content/VREditor/TransformGizmo/BoundingBoxCorner.uexp" 525
"../../../Engine/Content/VREditor/TransformGizmo/BoundingBoxEdge.ubulk" 526
"../../../Engine/Content/VREditor/TransformGizmo/BoundingBoxEdge.uasset" 527
"../../../Engine/Content/VREditor/TransformGizmo/BoundingBoxEdge.uexp" 528
"../../../Engine/Content/EditorMaterials/PhAT_NoCollisionMaterial.uasset" 529
"../../../Engine/Content/EditorMaterials/PhAT_NoCollisionMaterial.uexp" 530
"../../../Engine/Content/EditorMaterials/PhAT_UnselectedMaterial.uasset" 531
"../../../Engine/Content/EditorMaterials/PhAT_UnselectedMaterial.uexp" 532
"../../../Engine/Content/EngineMaterials/EnergyConservation/Diffuse_Energy.uasset" 533
"../../../Engine/Content/EngineMaterials/EnergyConservation/Diffuse_Energy.uexp" 534
"../../../Engine/Content/EngineMaterials/EnergyConservation/GGX_ReflectionEnergy.uasset" 535
"../../../Engine/Content/EngineMaterials/EnergyConservation/GGX_ReflectionEnergy.uexp" 536
"../../../Engine/Content/EngineMaterials/EnergyConservation/GGX_TransmissionEnergyArray.uasset" 537
"../../../Engine/Content/EngineMaterials/EnergyConservation/GGX_TransmissionEnergyArray.uexp" 538
"../../../Engine/Content/EngineMaterials/EnergyConservation/SheenLegacy_Energy.uasset" 539
"../../../Engine/Content/EngineMaterials/EnergyConservation/SheenLegacy_Energy.uexp" 540
"../../../Engine/Content/EngineMaterials/EnergyConservation/Sheen_Energy.uasset" 541
"../../../Engine/Content/EngineMaterials/EnergyConservation/Sheen_Energy.uexp" 542
"../../../Engine/Content/EngineMaterials/LTC/GGX_LTCAmp.uasset" 543
"../../../Engine/Content/EngineMaterials/LTC/GGX_LTCAmp.uexp" 544
"../../../Engine/Content/EngineMaterials/LTC/GGX_LTCMat.uasset" 545
"../../../Engine/Content/EngineMaterials/LTC/GGX_LTCMat.uexp" 546
"../../../Engine/Content/EngineMaterials/LTC/Sheen_LTC.uasset" 547
"../../../Engine/Content/EngineMaterials/LTC/Sheen_LTC.uexp" 548
"../../../Engine/Content/EngineResources/Development/ZenLogo_64.uasset" 549
"../../../Engine/Content/EngineResources/Development/ZenLogo_64.uexp" 550
"../../../Engine/Content/EngineResources/FilmGrains/Marcie_Grain_v3_128_M2_000.uasset" 551
"../../../Engine/Content/EngineResources/FilmGrains/Marcie_Grain_v3_128_M2_000.uexp" 552
"../../../Engine/Content/EditorMaterials/PreviewShadowIndicator.ubulk" 553
"../../../Engine/Content/EditorMaterials/PreviewShadowIndicator.uasset" 554
"../../../Engine/Content/EditorMaterials/PreviewShadowIndicator.uexp" 555
"../../../Engine/Content/EditorMaterials/PreviewShadowIndicatorMaterial.uasset" 556
"../../../Engine/Content/EditorMaterials/PreviewShadowIndicatorMaterial.uexp" 557
"../../../Engine/Plugins/Interchange/Assets/Content/Functions/MX_AbsorptionVDF.uasset" 558
"../../../Engine/Plugins/Interchange/Assets/Content/Functions/MX_AbsorptionVDF.uexp" 559
"../../../Engine/Content/Functions/Engine_MaterialFunctions01/Texturing/FlattenNormal.uasset" 560
"../../../Engine/Content/Functions/Engine_MaterialFunctions01/Texturing/FlattenNormal.uexp" 561
"../../../Engine/Plugins/Interchange/Assets/Content/Utilities/New_LUT.uasset" 562
"../../../Engine/Plugins/Interchange/Assets/Content/Utilities/New_LUT.uexp" 563
"../../../Engine/Content/Functions/Engine_MaterialFunctions03/Math/RemapValueRange.uasset" 564
"../../../Engine/Content/Functions/Engine_MaterialFunctions03/Math/RemapValueRange.uexp" 565
"../../../Engine/Plugins/Interchange/Assets/Content/Functions/MF_Iridescence.uasset" 566
"../../../Engine/Plugins/Interchange/Assets/Content/Functions/MF_Iridescence.uexp" 567
"../../../Engine/Plugins/Interchange/Assets/Content/gltf/Textures/T_White_srgb.uasset" 568
"../../../Engine/Plugins/Interchange/Assets/Content/gltf/Textures/T_White_srgb.uexp" 569
"../../../Engine/Plugins/Interchange/Assets/Content/gltf/MaterialFunctions/MF_BaseColor.uasset" 570
"../../../Engine/Plugins/Interchange/Assets/Content/gltf/MaterialFunctions/MF_BaseColor.uexp" 571
"../../../Engine/Plugins/Interchange/Assets/Content/gltf/MaterialFunctions/MF_RotateNormals_TS.uasset" 572
"../../../Engine/Plugins/Interchange/Assets/Content/gltf/MaterialFunctions/MF_RotateNormals_TS.uexp" 573
"../../../Engine/Plugins/Interchange/Assets/Content/gltf/Textures/T_Generic_N.uasset" 574
"../../../Engine/Plugins/Interchange/Assets/Content/gltf/Textures/T_Generic_N.uexp" 575
"../../../Engine/Plugins/Interchange/Assets/Content/gltf/Textures/T_White_Linear.uasset" 576
"../../../Engine/Plugins/Interchange/Assets/Content/gltf/Textures/T_White_Linear.uexp" 577
"../../../Engine/Plugins/Interchange/Assets/Content/gltf/MaterialFunctions/MF_Clearcoat.uasset" 578
"../../../Engine/Plugins/Interchange/Assets/Content/gltf/MaterialFunctions/MF_Clearcoat.uexp" 579
"../../../Engine/Plugins/Interchange/Assets/Content/gltf/MaterialFunctions/MF_Emissive.uasset" 580
"../../../Engine/Plugins/Interchange/Assets/Content/gltf/MaterialFunctions/MF_Emissive.uexp" 581
"../../../Engine/Plugins/Interchange/Assets/Content/gltf/MaterialFunctions/MF_IOR.uasset" 582
"../../../Engine/Plugins/Interchange/Assets/Content/gltf/MaterialFunctions/MF_IOR.uexp" 583
"../../../Engine/Plugins/Interchange/Assets/Content/Functions/MF_IridescenceNoLUT.uasset" 584
"../../../Engine/Plugins/Interchange/Assets/Content/Functions/MF_IridescenceNoLUT.uexp" 585
"../../../Engine/Plugins/Interchange/Assets/Content/gltf/MaterialFunctions/MF_Iridescence.uasset" 586
"../../../Engine/Plugins/Interchange/Assets/Content/gltf/MaterialFunctions/MF_Iridescence.uexp" 587
"../../../Engine/Plugins/Interchange/Assets/Content/gltf/MaterialFunctions/MF_MetallicRoughness.uasset" 588
"../../../Engine/Plugins/Interchange/Assets/Content/gltf/MaterialFunctions/MF_MetallicRoughness.uexp" 589
"../../../Engine/Plugins/Interchange/Assets/Content/gltf/MaterialFunctions/MF_ScaleNormal.uasset" 590
"../../../Engine/Plugins/Interchange/Assets/Content/gltf/MaterialFunctions/MF_ScaleNormal.uexp" 591
"../../../Engine/Plugins/Interchange/Assets/Content/gltf/MaterialFunctions/MF_Normals.uasset" 592
"../../../Engine/Plugins/Interchange/Assets/Content/gltf/MaterialFunctions/MF_Normals.uexp" 593
"../../../Engine/Plugins/Interchange/Assets/Content/gltf/MaterialFunctions/MF_Occlusion.uasset" 594
"../../../Engine/Plugins/Interchange/Assets/Content/gltf/MaterialFunctions/MF_Occlusion.uexp" 595
"../../../Engine/Plugins/Interchange/Assets/Content/gltf/MaterialFunctions/MF_Specular.uasset" 596
"../../../Engine/Plugins/Interchange/Assets/Content/gltf/MaterialFunctions/MF_Specular.uexp" 597
"../../../Engine/Plugins/Interchange/Assets/Content/gltf/Textures/T_Anisotropy_Direction_Linear.uasset" 598
"../../../Engine/Plugins/Interchange/Assets/Content/gltf/Textures/T_Anisotropy_Direction_Linear.uexp" 599
"../../../Engine/Plugins/Interchange/Assets/Content/gltf/MaterialFunctions/MF_SpecularAnisotropy.uasset" 600
"../../../Engine/Plugins/Interchange/Assets/Content/gltf/MaterialFunctions/MF_SpecularAnisotropy.uexp" 601
"../../../Engine/Plugins/Interchange/Assets/Content/gltf/MaterialFunctions/MF_RotateV2.uasset" 602
"../../../Engine/Plugins/Interchange/Assets/Content/gltf/MaterialFunctions/MF_RotateV2.uexp" 603
"../../../Engine/Plugins/Interchange/Assets/Content/gltf/MaterialFunctions/MF_TransformUVs.uasset" 604
"../../../Engine/Plugins/Interchange/Assets/Content/gltf/MaterialFunctions/MF_TransformUVs.uexp" 605
"../../../Engine/Plugins/Interchange/Assets/Content/gltf/MaterialBodies/MF_ClearCoat_Body.uasset" 606
"../../../Engine/Plugins/Interchange/Assets/Content/gltf/MaterialBodies/MF_ClearCoat_Body.uexp" 607
"../../../Engine/Plugins/Interchange/Assets/Content/gltf/M_ClearCoat.uasset" 608
"../../../Engine/Plugins/Interchange/Assets/Content/gltf/M_ClearCoat.uexp" 609
"../../../Engine/Plugins/Interchange/Assets/Content/gltf/MaterialInstances/MI_ClearCoat_Blend.uasset" 610
"../../../Engine/Plugins/Interchange/Assets/Content/gltf/MaterialInstances/MI_ClearCoat_Blend.uexp" 611
"../../../Engine/Plugins/Interchange/Assets/Content/gltf/MaterialInstances/MI_ClearCoat_Blend_DS.uasset" 612
"../../../Engine/Plugins/Interchange/Assets/Content/gltf/MaterialInstances/MI_ClearCoat_Blend_DS.uexp" 613
"../../../Engine/Plugins/Interchange/Assets/Content/gltf/MaterialInstances/MI_ClearCoat_Mask.uasset" 614
"../../../Engine/Plugins/Interchange/Assets/Content/gltf/MaterialInstances/MI_ClearCoat_Mask.uexp" 615
"../../../Engine/Plugins/Interchange/Assets/Content/gltf/MaterialInstances/MI_ClearCoat_Mask_DS.uasset" 616
"../../../Engine/Plugins/Interchange/Assets/Content/gltf/MaterialInstances/MI_ClearCoat_Mask_DS.uexp" 617
"../../../Engine/Plugins/Interchange/Assets/Content/gltf/MaterialInstances/MI_ClearCoat_Opaque.uasset" 618
"../../../Engine/Plugins/Interchange/Assets/Content/gltf/MaterialInstances/MI_ClearCoat_Opaque.uexp" 619
"../../../Engine/Plugins/Interchange/Assets/Content/gltf/MaterialInstances/MI_ClearCoat_Opaque_DS.uasset" 620
"../../../Engine/Plugins/Interchange/Assets/Content/gltf/MaterialInstances/MI_ClearCoat_Opaque_DS.uexp" 621
"../../../Engine/Plugins/Interchange/Assets/Content/Functions/MX_AnisotropicVDF.uasset" 622
"../../../Engine/Plugins/Interchange/Assets/Content/Functions/MX_AnisotropicVDF.uexp" 623
"../../../Engine/Plugins/Interchange/Assets/Content/Functions/MX_BurleyDiffuseBSDF.uasset" 624
"../../../Engine/Plugins/Interchange/Assets/Content/Functions/MX_BurleyDiffuseBSDF.uexp" 625
"../../../Engine/Plugins/Interchange/Assets/Content/gltf/MaterialBodies/MF_Default_Body.uasset" 626
"../../../Engine/Plugins/Interchange/Assets/Content/gltf/MaterialBodies/MF_Default_Body.uexp" 627
"../../../Engine/Plugins/Interchange/Assets/Content/gltf/M_Default.uasset" 628
"../../../Engine/Plugins/Interchange/Assets/Content/gltf/M_Default.uexp" 629
"../../../Engine/Plugins/Interchange/Assets/Content/gltf/MaterialInstances/MI_Default_Blend.uasset" 630
"../../../Engine/Plugins/Interchange/Assets/Content/gltf/MaterialInstances/MI_Default_Blend.uexp" 631
"../../../Engine/Plugins/Interchange/Assets/Content/gltf/MaterialInstances/MI_Default_Blend_DS.uasset" 632
"../../../Engine/Plugins/Interchange/Assets/Content/gltf/MaterialInstances/MI_Default_Blend_DS.uexp" 633
"../../../Engine/Plugins/Interchange/Assets/Content/gltf/MaterialInstances/MI_Default_Mask.uasset" 634
"../../../Engine/Plugins/Interchange/Assets/Content/gltf/MaterialInstances/MI_Default_Mask.uexp" 635
"../../../Engine/Plugins/Interchange/Assets/Content/gltf/MaterialInstances/MI_Default_Mask_DS.uasset" 636
"../../../Engine/Plugins/Interchange/Assets/Content/gltf/MaterialInstances/MI_Default_Mask_DS.uexp" 637
"../../../Engine/Plugins/Interchange/Assets/Content/gltf/MaterialInstances/MI_Default_Opaque.uasset" 638
"../../../Engine/Plugins/Interchange/Assets/Content/gltf/MaterialInstances/MI_Default_Opaque.uexp" 639
"../../../Engine/Plugins/Interchange/Assets/Content/Functions/MX_ChiangHairBSDF.uasset" 640
"../../../Engine/Plugins/Interchange/Assets/Content/Functions/MX_ChiangHairBSDF.uexp" 641
"../../../Engine/Plugins/Interchange/Assets/Content/gltf/MaterialInstances/MI_Default_Opaque_DS.uasset" 642
"../../../Engine/Plugins/Interchange/Assets/Content/gltf/MaterialInstances/MI_Default_Opaque_DS.uexp" 643
"../../../Engine/Plugins/Interchange/Assets/Content/gltf/MaterialFunctions/MF_Sheen.uasset" 644
"../../../Engine/Plugins/Interchange/Assets/Content/gltf/MaterialFunctions/MF_Sheen.uexp" 645
"../../../Engine/Plugins/Interchange/Assets/Content/gltf/MaterialBodies/MF_Sheen_Body.uasset" 646
"../../../Engine/Plugins/Interchange/Assets/Content/gltf/MaterialBodies/MF_Sheen_Body.uexp" 647
"../../../Engine/Plugins/Interchange/Assets/Content/gltf/M_Sheen.uasset" 648
"../../../Engine/Plugins/Interchange/Assets/Content/gltf/M_Sheen.uexp" 649
"../../../Engine/Plugins/Interchange/Assets/Content/gltf/MaterialInstances/MI_Sheen_Blend.uasset" 650
"../../../Engine/Plugins/Interchange/Assets/Content/gltf/MaterialInstances/MI_Sheen_Blend.uexp" 651
"../../../Engine/Plugins/Interchange/Assets/Content/gltf/MaterialInstances/MI_Sheen_Blend_DS.uasset" 652
"../../../Engine/Plugins/Interchange/Assets/Content/gltf/MaterialInstances/MI_Sheen_Blend_DS.uexp" 653
"../../../Engine/Plugins/Interchange/Assets/Content/gltf/MaterialInstances/MI_Sheen_Mask.uasset" 654
"../../../Engine/Plugins/Interchange/Assets/Content/gltf/MaterialInstances/MI_Sheen_Mask.uexp" 655
"../../../Engine/Plugins/Interchange/Assets/Content/gltf/MaterialInstances/MI_Sheen_Mask_DS.uasset" 656
"../../../Engine/Plugins/Interchange/Assets/Content/gltf/MaterialInstances/MI_Sheen_Mask_DS.uexp" 657
"../../../Engine/Plugins/Interchange/Assets/Content/Functions/MX_ConductorBSDF.uasset" 658
"../../../Engine/Plugins/Interchange/Assets/Content/Functions/MX_ConductorBSDF.uexp" 659
"../../../Engine/Plugins/Interchange/Assets/Content/gltf/MaterialInstances/MI_Sheen_Opaque.uasset" 660
"../../../Engine/Plugins/Interchange/Assets/Content/gltf/MaterialInstances/MI_Sheen_Opaque.uexp" 661
"../../../Engine/Plugins/Interchange/Assets/Content/gltf/MaterialInstances/MI_Sheen_Opaque_DS.uasset" 662
"../../../Engine/Plugins/Interchange/Assets/Content/gltf/MaterialInstances/MI_Sheen_Opaque_DS.uexp" 663
"../../../Engine/Plugins/Interchange/Assets/Content/Functions/MX_ConicalEDF.uasset" 664
"../../../Engine/Plugins/Interchange/Assets/Content/Functions/MX_ConicalEDF.uexp" 665
"../../../Engine/Plugins/Interchange/Assets/Content/gltf/MaterialFunctions/MF_DiffuseSpecGloss.uasset" 666
"../../../Engine/Plugins/Interchange/Assets/Content/gltf/MaterialFunctions/MF_DiffuseSpecGloss.uexp" 667
"../../../Engine/Plugins/Interchange/Assets/Content/gltf/MaterialFunctions/MF_MaxComponentValue.uasset" 668
"../../../Engine/Plugins/Interchange/Assets/Content/gltf/MaterialFunctions/MF_MaxComponentValue.uexp" 669
"../../../Engine/Content/Functions/Engine_MaterialFunctions02/Math/AddComponents.uasset" 670
"../../../Engine/Content/Functions/Engine_MaterialFunctions02/Math/AddComponents.uexp" 671
"../../../Engine/Plugins/Interchange/Assets/Content/gltf/MaterialFunctions/MF_PerceivedBrightness.uasset" 672
"../../../Engine/Plugins/Interchange/Assets/Content/gltf/MaterialFunctions/MF_PerceivedBrightness.uexp" 673
"../../../Engine/Plugins/Interchange/Assets/Content/gltf/MaterialFunctions/MF_SpecGlossToMetalRoughness.uasset" 674
"../../../Engine/Plugins/Interchange/Assets/Content/gltf/MaterialFunctions/MF_SpecGlossToMetalRoughness.uexp" 675
"../../../Engine/Plugins/Interchange/Assets/Content/gltf/MaterialBodies/MF_SpecularGlossiness_Body.uasset" 676
"../../../Engine/Plugins/Interchange/Assets/Content/gltf/MaterialBodies/MF_SpecularGlossiness_Body.uexp" 677
"../../../Engine/Plugins/Interchange/Assets/Content/gltf/M_SpecularGlossiness.uasset" 678
"../../../Engine/Plugins/Interchange/Assets/Content/gltf/M_SpecularGlossiness.uexp" 679
"../../../Engine/Plugins/Interchange/Assets/Content/gltf/MaterialInstances/MI_SpecularGlossiness_Blend.uasset" 680
"../../../Engine/Plugins/Interchange/Assets/Content/gltf/MaterialInstances/MI_SpecularGlossiness_Blend.uexp" 681
"../../../Engine/Plugins/Interchange/Assets/Content/gltf/MaterialInstances/MI_SpecularGlossiness_Blend_DS.uasset" 682
"../../../Engine/Plugins/Interchange/Assets/Content/gltf/MaterialInstances/MI_SpecularGlossiness_Blend_DS.uexp" 683
"../../../Engine/Plugins/Interchange/Assets/Content/gltf/MaterialInstances/MI_SpecularGlossiness_Mask.uasset" 684
"../../../Engine/Plugins/Interchange/Assets/Content/gltf/MaterialInstances/MI_SpecularGlossiness_Mask.uexp" 685
"../../../Engine/Plugins/Interchange/Assets/Content/gltf/MaterialInstances/MI_SpecularGlossiness_Mask_DS.uasset" 686
"../../../Engine/Plugins/Interchange/Assets/Content/gltf/MaterialInstances/MI_SpecularGlossiness_Mask_DS.uexp" 687
"../../../Engine/Plugins/Interchange/Assets/Content/Functions/MX_DielectricBSDF.uasset" 688
"../../../Engine/Plugins/Interchange/Assets/Content/Functions/MX_DielectricBSDF.uexp" 689
"../../../Engine/Plugins/Interchange/Assets/Content/gltf/MaterialInstances/MI_SpecularGlossiness_Opaque.uasset" 690
"../../../Engine/Plugins/Interchange/Assets/Content/gltf/MaterialInstances/MI_SpecularGlossiness_Opaque.uexp" 691
"../../../Engine/Plugins/Interchange/Assets/Content/Functions/MX_Displacement.uasset" 692
"../../../Engine/Plugins/Interchange/Assets/Content/Functions/MX_Displacement.uexp" 693
"../../../Engine/Plugins/Interchange/Assets/Content/gltf/MaterialInstances/MI_SpecularGlossiness_Opaque_DS.uasset" 694
"../../../Engine/Plugins/Interchange/Assets/Content/gltf/MaterialInstances/MI_SpecularGlossiness_Opaque_DS.uexp" 695
"../../../Engine/Content/EngineMaterials/Good64x64TilingNoiseHighFreq.uasset" 696
"../../../Engine/Content/EngineMaterials/Good64x64TilingNoiseHighFreq.uexp" 697
"../../../Engine/Content/Functions/Engine_MaterialFunctions02/Texturing/ScreenAlignedPixelToPixelUVs.uasset" 698
"../../../Engine/Content/Functions/Engine_MaterialFunctions02/Texturing/ScreenAlignedPixelToPixelUVs.uexp" 699
"../../../Engine/Plugins/Interchange/Assets/Content/gltf/MaterialFunctions/MF_Fresnel_DS.uasset" 700
"../../../Engine/Plugins/Interchange/Assets/Content/gltf/MaterialFunctions/MF_Fresnel_DS.uexp" 701
"../../../Engine/Plugins/Interchange/Assets/Content/gltf/MaterialFunctions/MF_Temporal_Blur.uasset" 702
"../../../Engine/Plugins/Interchange/Assets/Content/gltf/MaterialFunctions/MF_Temporal_Blur.uexp" 703
"../../../Engine/Plugins/Interchange/Assets/Content/gltf/MaterialFunctions/MF_Transmission.uasset" 704
"../../../Engine/Plugins/Interchange/Assets/Content/gltf/MaterialFunctions/MF_Transmission.uexp" 705
"../../../Engine/Plugins/Interchange/Assets/Content/gltf/MaterialBodies/MF_Transmission_Body.uasset" 706
"../../../Engine/Plugins/Interchange/Assets/Content/gltf/MaterialBodies/MF_Transmission_Body.uexp" 707
"../../../Engine/Plugins/Interchange/Assets/Content/gltf/M_Transmission.uasset" 708
"../../../Engine/Plugins/Interchange/Assets/Content/gltf/M_Transmission.uexp" 709
"../../../Engine/Plugins/Interchange/Assets/Content/gltf/MaterialInstances/MI_Transmission.uasset" 710
"../../../Engine/Plugins/Interchange/Assets/Content/gltf/MaterialInstances/MI_Transmission.uexp" 711
"../../../Engine/Plugins/Interchange/Assets/Content/Functions/MX_GeneralizedSchlickBSDF.uasset" 712
"../../../Engine/Plugins/Interchange/Assets/Content/Functions/MX_GeneralizedSchlickBSDF.uexp" 713
"../../../Engine/Plugins/Interchange/Assets/Content/gltf/MaterialInstances/MI_Transmission_DS.uasset" 714
"../../../Engine/Plugins/Interchange/Assets/Content/gltf/MaterialInstances/MI_Transmission_DS.uexp" 715
"../../../Engine/Plugins/Interchange/Assets/Content/gltf/MaterialBodies/MF_Unlit_Body.uasset" 716
"../../../Engine/Plugins/Interchange/Assets/Content/gltf/MaterialBodies/MF_Unlit_Body.uexp" 717
"../../../Engine/Plugins/Interchange/Assets/Content/gltf/M_Unlit.uasset" 718
"../../../Engine/Plugins/Interchange/Assets/Content/gltf/M_Unlit.uexp" 719
"../../../Engine/Plugins/Interchange/Assets/Content/gltf/MaterialInstances/MI_Unlit_Blend.uasset" 720
"../../../Engine/Plugins/Interchange/Assets/Content/gltf/MaterialInstances/MI_Unlit_Blend.uexp" 721
"../../../Engine/Plugins/Interchange/Assets/Content/gltf/MaterialInstances/MI_Unlit_Blend_DS.uasset" 722
"../../../Engine/Plugins/Interchange/Assets/Content/gltf/MaterialInstances/MI_Unlit_Blend_DS.uexp" 723
"../../../Engine/Plugins/Interchange/Assets/Content/gltf/MaterialInstances/MI_Unlit_Mask.uasset" 724
"../../../Engine/Plugins/Interchange/Assets/Content/gltf/MaterialInstances/MI_Unlit_Mask.uexp" 725
"../../../Engine/Plugins/Interchange/Assets/Content/gltf/MaterialInstances/MI_Unlit_Mask_DS.uasset" 726
"../../../Engine/Plugins/Interchange/Assets/Content/gltf/MaterialInstances/MI_Unlit_Mask_DS.uexp" 727
"../../../Engine/Plugins/Interchange/Assets/Content/gltf/MaterialInstances/MI_Unlit_Opaque.uasset" 728
"../../../Engine/Plugins/Interchange/Assets/Content/gltf/MaterialInstances/MI_Unlit_Opaque.uexp" 729
"../../../Engine/Plugins/Interchange/Assets/Content/gltf/MaterialInstances/MI_Unlit_Opaque_DS.uasset" 730
"../../../Engine/Plugins/Interchange/Assets/Content/gltf/MaterialInstances/MI_Unlit_Opaque_DS.uexp" 731
"../../../Engine/Plugins/Interchange/Assets/Content/Functions/MX_MeasuredEDF.uasset" 732
"../../../Engine/Plugins/Interchange/Assets/Content/Functions/MX_MeasuredEDF.uexp" 733
"../../../Engine/Plugins/Interchange/Assets/Content/Functions/MX_StandardSurface.uasset" 734
"../../../Engine/Plugins/Interchange/Assets/Content/Functions/MX_StandardSurface.uexp" 735
"../../../Engine/Plugins/Interchange/Assets/Content/Functions/MX_OpenPBR_Opaque.uasset" 736
"../../../Engine/Plugins/Interchange/Assets/Content/Functions/MX_OpenPBR_Opaque.uexp" 737
"../../../Engine/Plugins/Interchange/Assets/Content/Functions/MX_TransmissionSurface.uasset" 738
"../../../Engine/Plugins/Interchange/Assets/Content/Functions/MX_TransmissionSurface.uexp" 739
"../../../Engine/Plugins/Interchange/Assets/Content/Functions/MX_OpenPBR_Translucent.uasset" 740
"../../../Engine/Plugins/Interchange/Assets/Content/Functions/MX_OpenPBR_Translucent.uexp" 741
"../../../Engine/Plugins/Interchange/Assets/Content/Functions/MX_OrenNayarBSDF.uasset" 742
"../../../Engine/Plugins/Interchange/Assets/Content/Functions/MX_OrenNayarBSDF.uexp" 743
"../../../Engine/Plugins/Interchange/Assets/Content/Functions/MX_SheenBSDF.uasset" 744
"../../../Engine/Plugins/Interchange/Assets/Content/Functions/MX_SheenBSDF.uexp" 745
"../../../Engine/Plugins/Interchange/Assets/Content/Functions/MX_SubsurfaceBSDF.uasset" 746
"../../../Engine/Plugins/Interchange/Assets/Content/Functions/MX_SubsurfaceBSDF.uexp" 747
"../../../Engine/Plugins/Interchange/Assets/Content/Functions/MX_Surface.uasset" 748
"../../../Engine/Plugins/Interchange/Assets/Content/Functions/MX_Surface.uexp" 749
"../../../Engine/Plugins/Interchange/Assets/Content/Functions/MX_SurfaceUnlit.uasset" 750
"../../../Engine/Plugins/Interchange/Assets/Content/Functions/MX_SurfaceUnlit.uexp" 751
"../../../Engine/Plugins/Interchange/Assets/Content/Functions/MX_TranslucentBSDF.uasset" 752
"../../../Engine/Plugins/Interchange/Assets/Content/Functions/MX_TranslucentBSDF.uexp" 753
"../../../Engine/Plugins/Interchange/Assets/Content/Functions/MX_UniformEDF.uasset" 754
"../../../Engine/Plugins/Interchange/Assets/Content/Functions/MX_UniformEDF.uexp" 755
"../../../Engine/Plugins/Interchange/Assets/Content/Functions/MX_UsdPreviewSurface.uasset" 756
"../../../Engine/Plugins/Interchange/Assets/Content/Functions/MX_UsdPreviewSurface.uexp" 757
"../../../Engine/Content/EditorResources/BSPVertex.uasset" 758
"../../../Engine/Content/EditorResources/BSPVertex.uexp" 759
"../../../Engine/Plugins/Interchange/Assets/Content/Substrate/MX_SimpleVolume.uasset" 760
"../../../Engine/Plugins/Interchange/Assets/Content/Substrate/MX_SimpleVolume.uexp" 761
"../../../Engine/Content/EditorResources/S_Actor.ubulk" 762
"../../../Engine/Content/EditorResources/S_Actor.uasset" 763
"../../../Engine/Content/EditorResources/S_Actor.uexp" 764
"../../../Engine/Content/EditorResources/S_BoxReflectionCapture.uasset" 765
"../../../Engine/Content/EditorResources/S_BoxReflectionCapture.uexp" 766
"../../../Engine/Content/EditorResources/S_Solver.ubulk" 767
"../../../Engine/Content/EditorResources/S_Solver.uasset" 768
"../../../Engine/Content/EditorResources/S_Solver.uexp" 769
"../../../Engine/Content/EditorResources/S_Terrain.ubulk" 770
"../../../Engine/Content/EditorResources/S_Terrain.uasset" 771
"../../../Engine/Content/EditorResources/S_Terrain.uexp" 772
"../../../Engine/Content/EditorResources/S_Trigger.ubulk" 773
"../../../Engine/Content/EditorResources/S_Trigger.uasset" 774
"../../../Engine/Content/EditorResources/S_Trigger.uexp" 775
"../../../Engine/Content/EditorResources/S_TriggerBox.uasset" 776
"../../../Engine/Content/EditorResources/S_TriggerBox.uexp" 777
"../../../Engine/Content/EditorResources/S_TriggerCapsule.uasset" 778
"../../../Engine/Content/EditorResources/S_TriggerCapsule.uexp" 779
"../../../Engine/Content/EditorResources/S_TriggerSphere.uasset" 780
"../../../Engine/Content/EditorResources/S_TriggerSphere.uexp" 781
"../../../Engine/Content/EngineDamageTypes/DmgTypeBP_Environmental.uasset" 782
"../../../Engine/Content/EngineDamageTypes/DmgTypeBP_Environmental.uexp" 783
"../../../Engine/Content/EngineDebugMaterials/DebugEditorMaterial.uasset" 784
"../../../Engine/Content/EngineDebugMaterials/DebugEditorMaterial.uexp" 785
"../../../Engine/Content/EngineDebugMaterials/DebugMeshMaterial.uasset" 786
"../../../Engine/Content/EngineDebugMaterials/DebugMeshMaterial.uexp" 787
"../../../Engine/Content/EngineDebugMaterials/M_SimpleUnlitTranslucent.uasset" 788
"../../../Engine/Content/EngineDebugMaterials/M_SimpleUnlitTranslucent.uexp" 789
"../../../Engine/Content/EngineDebugMaterials/VolumeToRender.uasset" 790
"../../../Engine/Content/EngineDebugMaterials/VolumeToRender.uexp" 791
"../../../Engine/Content/EngineDebugMaterials/M_VolumeRenderSphereTracePP.uasset" 792
"../../../Engine/Content/EngineDebugMaterials/M_VolumeRenderSphereTracePP.uexp" 793
"../../../Engine/Content/EngineMaterials/DefaultBloomKernel.uasset" 794
"../../../Engine/Content/EngineMaterials/DefaultBloomKernel.uexp" 795
"../../../Engine/Content/EngineMaterials/DefaultDeferredDecalMaterial.uasset" 796
"../../../Engine/Content/EngineMaterials/DefaultDeferredDecalMaterial.uexp" 797
"../../../Engine/Content/EngineMaterials/DefaultLightFunctionMaterial.uasset" 798
"../../../Engine/Content/EngineMaterials/DefaultLightFunctionMaterial.uexp" 799
"../../../Engine/Content/EngineMaterials/DefaultPostProcessMaterial.uasset" 800
"../../../Engine/Content/EngineMaterials/DefaultPostProcessMaterial.uexp" 801
"../../../Engine/Content/EngineFonts/RobotoDistanceField.uasset" 802
"../../../Engine/Content/EngineFonts/RobotoDistanceField.uexp" 803
"../../../Engine/Content/EngineMaterials/DefaultTextMaterialOpaque.uasset" 804
"../../../Engine/Content/EngineMaterials/DefaultTextMaterialOpaque.uexp" 805
"../../../Engine/Content/EngineMaterials/DefaultWhiteGrid.ubulk" 806
"../../../Engine/Content/EngineMaterials/DefaultWhiteGrid.uasset" 807
"../../../Engine/Content/EngineMaterials/DefaultWhiteGrid.uexp" 808
"../../../Engine/Content/EngineMaterials/DefaultWhiteGrid_Low.uasset" 809
"../../../Engine/Content/EngineMaterials/DefaultWhiteGrid_Low.uexp" 810
"../../../Engine/Content/EngineMaterials/EmissiveMeshMaterial.uasset" 811
"../../../Engine/Content/EngineMaterials/EmissiveMeshMaterial.uexp" 812
"../../../Engine/Content/EngineMaterials/FastBlueNoise_scalar_128x128x64.uasset" 813
"../../../Engine/Content/EngineMaterials/FastBlueNoise_scalar_128x128x64.uexp" 814
"../../../Engine/Content/EngineMaterials/FastBlueNoise_scalar_128x128x8.uasset" 815
"../../../Engine/Content/EngineMaterials/FastBlueNoise_scalar_128x128x8.uexp" 816
"../../../Engine/Content/EngineMaterials/FastBlueNoise_vec2_128x128x64.uasset" 817
"../../../Engine/Content/EngineMaterials/FastBlueNoise_vec2_128x128x64.uexp" 818
"../../../Engine/Content/EngineMaterials/BaseFlattenDiffuseMap.uasset" 819
"../../../Engine/Content/EngineMaterials/BaseFlattenDiffuseMap.uexp" 820
"../../../Engine/Content/EngineMaterials/BaseFlattenEmissiveMap.uasset" 821
"../../../Engine/Content/EngineMaterials/BaseFlattenEmissiveMap.uexp" 822
"../../../Engine/Content/EngineMaterials/BaseFlattenGrayscaleMap.uasset" 823
"../../../Engine/Content/EngineMaterials/BaseFlattenGrayscaleMap.uexp" 824
"../../../Engine/Content/EngineMaterials/BaseFlattenLinearColor.uasset" 825
"../../../Engine/Content/EngineMaterials/BaseFlattenLinearColor.uexp" 826
"../../../Engine/Content/EngineMaterials/BaseFlattenNormalMap.uasset" 827
"../../../Engine/Content/EngineMaterials/BaseFlattenNormalMap.uexp" 828
"../../../Engine/Content/Functions/Engine_MaterialFunctions02/PivotPainter2/Black_1x1_EXR_Texture.uasset" 829
"../../../Engine/Content/Functions/Engine_MaterialFunctions02/PivotPainter2/Black_1x1_EXR_Texture.uexp" 830
"../../../Engine/Content/EngineMaterials/FlattenMaterial.uasset" 831
"../../../Engine/Content/EngineMaterials/FlattenMaterial.uexp" 832
"../../../Engine/Content/EngineMaterials/BaseFlattenDiffuseMap_VT.ubulk" 833
"../../../Engine/Content/EngineMaterials/BaseFlattenDiffuseMap_VT.uasset" 834
"../../../Engine/Content/EngineMaterials/BaseFlattenDiffuseMap_VT.uexp" 835
"../../../Engine/Content/EngineMaterials/BaseFlattenEmissiveMap_VT.ubulk" 836
"../../../Engine/Content/EngineMaterials/BaseFlattenEmissiveMap_VT.uasset" 837
"../../../Engine/Content/EngineMaterials/BaseFlattenEmissiveMap_VT.uexp" 838
"../../../Engine/Content/EngineMaterials/BaseFlattenGrayscaleMap_VT.ubulk" 839
"../../../Engine/Content/EngineMaterials/BaseFlattenGrayscaleMap_VT.uasset" 840
"../../../Engine/Content/EngineMaterials/BaseFlattenGrayscaleMap_VT.uexp" 841
"../../../Engine/Content/EngineMaterials/BaseFlattenLinearColor_VT.ubulk" 842
"../../../Engine/Content/EngineMaterials/BaseFlattenLinearColor_VT.uasset" 843
"../../../Engine/Content/EngineMaterials/BaseFlattenLinearColor_VT.uexp" 844
"../../../Engine/Content/EngineMaterials/BaseFlattenNormalMap_VT.ubulk" 845
"../../../Engine/Content/EngineMaterials/BaseFlattenNormalMap_VT.uasset" 846
"../../../Engine/Content/EngineMaterials/BaseFlattenNormalMap_VT.uexp" 847
"../../../Engine/Content/EngineMaterials/Black_1x1_EXR_Texture_VT.ubulk" 848
"../../../Engine/Content/EngineMaterials/Black_1x1_EXR_Texture_VT.uasset" 849
"../../../Engine/Content/EngineMaterials/Black_1x1_EXR_Texture_VT.uexp" 850
"../../../Engine/Content/EngineMaterials/FlattenMaterial_VT.uasset" 851
"../../../Engine/Content/EngineMaterials/FlattenMaterial_VT.uexp" 852
"../../../Engine/Content/EngineMaterials/FlattenMaterial_WS_Normal_VT.uasset" 853
"../../../Engine/Content/EngineMaterials/FlattenMaterial_WS_Normal_VT.uexp" 854
"../../../Engine/Content/EngineMaterials/GizmoMaterial.uasset" 855
"../../../Engine/Content/EngineMaterials/GizmoMaterial.uexp" 856
"../../../Engine/Content/Functions/Engine_MaterialFunctions02/Math/ProjectVectorOntoPlane.uasset" 857
"../../../Engine/Content/Functions/Engine_MaterialFunctions02/Math/ProjectVectorOntoPlane.uexp" 858
"../../../Engine/Content/EngineMaterials/LineSetComponentMaterial.uasset" 859
"../../../Engine/Content/EngineMaterials/LineSetComponentMaterial.uexp" 860
"../../../Engine/Content/EngineMaterials/MiniFont.uasset" 861
"../../../Engine/Content/EngineMaterials/MiniFont.uexp" 862
"../../../Engine/Content/EngineMaterials/InvalidLightmapSettings.ubulk" 863
"../../../Engine/Content/EngineMaterials/InvalidLightmapSettings.uasset" 864
"../../../Engine/Content/EngineMaterials/InvalidLightmapSettings.uexp" 865
"../../../Engine/Content/EngineMaterials/M_InvalidLightmapSettings.uasset" 866
"../../../Engine/Content/EngineMaterials/M_InvalidLightmapSettings.uexp" 867
"../../../Engine/Content/EngineMaterials/NaniteHiddenSectionMaterial.uasset" 868
"../../../Engine/Content/EngineMaterials/NaniteHiddenSectionMaterial.uexp" 869
"../../../Engine/Content/EngineMaterials/PhAT_JointLimitMaterial.uasset" 870
"../../../Engine/Content/EngineMaterials/PhAT_JointLimitMaterial.uexp" 871
"../../../Engine/Content/EngineMaterials/DefaultCalibrationColor.uasset" 872
"../../../Engine/Content/EngineMaterials/DefaultCalibrationColor.uexp" 873
"../../../Engine/Content/EngineMaterials/PPM_DefaultCalibrationColor.uasset" 874
"../../../Engine/Content/EngineMaterials/PPM_DefaultCalibrationColor.uexp" 875
"../../../Engine/Content/EngineMaterials/DefaultCalibrationGrayscale.uasset" 876
"../../../Engine/Content/EngineMaterials/DefaultCalibrationGrayscale.uexp" 877
"../../../Engine/Content/EngineMaterials/PPM_DefaultCalibrationGrayscale.uasset" 878
"../../../Engine/Content/EngineMaterials/PPM_DefaultCalibrationGrayscale.uexp" 879
"../../../Engine/Content/EngineMaterials/PreintegratedSkinBRDF.uasset" 880
"../../../Engine/Content/EngineMaterials/PreintegratedSkinBRDF.uexp" 881
"../../../Engine/Content/EngineMaterials/RemoveSurfaceMaterial.uasset" 882
"../../../Engine/Content/EngineMaterials/RemoveSurfaceMaterial.uexp" 883
"../../../Engine/Content/EngineMaterials/SMAAAreaTex.uasset" 884
"../../../Engine/Content/EngineMaterials/SMAAAreaTex.uexp" 885
"../../../Engine/Content/EngineMaterials/SMAASearchTex.uasset" 886
"../../../Engine/Content/EngineMaterials/SMAASearchTex.uexp" 887
"../../../Engine/Content/EngineMaterials/WeightMapPlaceholderTexture.uasset" 888
"../../../Engine/Content/EngineMaterials/WeightMapPlaceholderTexture.uexp" 889
"../../../Engine/Content/EngineMaterials/WeightMapArrayPlaceholderTexture.uasset" 890
"../../../Engine/Content/EngineMaterials/WeightMapArrayPlaceholderTexture.uexp" 891
"../../../Engine/Content/EngineResources/WhiteSquareTexture.uasset" 892
"../../../Engine/Content/EngineResources/WhiteSquareTexture.uexp" 893
"../../../Engine/Content/EngineMaterials/Widget3DPassThrough.uasset" 894
"../../../Engine/Content/EngineMaterials/Widget3DPassThrough.uexp" 895
"../../../Engine/Content/EngineMaterials/Widget3DPassThrough_Masked.uasset" 896
"../../../Engine/Content/EngineMaterials/Widget3DPassThrough_Masked.uexp" 897
"../../../Engine/Content/EngineMaterials/Widget3DPassThrough_Opaque.uasset" 898
"../../../Engine/Content/EngineMaterials/Widget3DPassThrough_Opaque.uexp" 899
"../../../Engine/Content/EngineMaterials/Widget3DPassThrough_Masked_OneSided.uasset" 900
"../../../Engine/Content/EngineMaterials/Widget3DPassThrough_Masked_OneSided.uexp" 901
"../../../Engine/Content/EngineMaterials/Widget3DPassThrough_Opaque_OneSided.uasset" 902
"../../../Engine/Content/EngineMaterials/Widget3DPassThrough_Opaque_OneSided.uexp" 903
"../../../Engine/Content/EngineMaterials/Widget3DPassThrough_Translucent.uasset" 904
"../../../Engine/Content/EngineMaterials/Widget3DPassThrough_Translucent.uexp" 905
"../../../Engine/Content/EngineMaterials/Widget3DPassThrough_Translucent_OneSided.uasset" 906
"../../../Engine/Content/EngineMaterials/Widget3DPassThrough_Translucent_OneSided.uexp" 907
"../../../Engine/Content/EngineMeshes/Sphere.ubulk" 908
"../../../Engine/Content/EngineMeshes/Sphere.uasset" 909
"../../../Engine/Content/EngineMeshes/Sphere.uexp" 910
"../../../Engine/Content/EngineResources/Black.uasset" 911
"../../../Engine/Content/EngineResources/Black.uexp" 912
"../../../Engine/Content/EngineResources/DefaultTexture.ubulk" 913
"../../../Engine/Content/EngineResources/DefaultTexture.uasset" 914
"../../../Engine/Content/EngineResources/DefaultTexture.uexp" 915
"../../../Engine/Content/EngineResources/DefaultTextureCube.uasset" 916
"../../../Engine/Content/EngineResources/DefaultTextureCube.uexp" 917
"../../../Engine/Content/EngineResources/GradientTexture0.uasset" 918
"../../../Engine/Content/EngineResources/GradientTexture0.uexp" 919
"../../../Engine/Content/EngineResources/LandscapeVisibilityLayerInfo.uasset" 920
"../../../Engine/Content/EngineResources/LandscapeVisibilityLayerInfo.uexp" 921
"../../../Engine/Content/ArtTools/RenderToTexture/Meshes/S_1_Unit_Plane.ubulk" 922
"../../../Engine/Content/ArtTools/RenderToTexture/Meshes/S_1_Unit_Plane.uasset" 923
"../../../Engine/Content/ArtTools/RenderToTexture/Meshes/S_1_Unit_Plane.uexp" 924
"../../../Engine/Content/EngineMaterials/Substrate/GLints/AGlintTex2dArray.uasset" 925
"../../../Engine/Content/EngineMaterials/Substrate/GLints/AGlintTex2dArray.uexp" 926
"../../../Engine/Content/EngineMaterials/Substrate/Glints2/AGlintTex2dArray2.uasset" 927
"../../../Engine/Content/EngineMaterials/Substrate/Glints2/AGlintTex2dArray2.uexp" 928
"../../../Engine/Content/EngineMaterials/Substrate/Volume/SubstrateSimpleVolumeEnvLUT3D.uasset" 929
"../../../Engine/Content/EngineMaterials/Substrate/Volume/SubstrateSimpleVolumeEnvLUT3D.uexp" 930
"../../../Engine/Content/EngineMaterials/Substrate/Volume/SubstrateSimpleVolumeLUT3D.uasset" 931
"../../../Engine/Content/EngineMaterials/Substrate/Volume/SubstrateSimpleVolumeLUT3D.uexp" 932
"../../../Engine/Content/Functions/Engine_MaterialFunctions01/Shading/ConvertFromDiffSpec.uasset" 933
"../../../Engine/Content/Functions/Engine_MaterialFunctions01/Shading/ConvertFromDiffSpec.uexp" 934
"../../../Engine/Content/Functions/Engine_MaterialFunctions01/Shading/PowerToRoughness.uasset" 935
"../../../Engine/Content/Functions/Engine_MaterialFunctions01/Shading/PowerToRoughness.uexp" 936
"../../../Engine/Plugins/Interchange/Runtime/Content/Pipelines/DefaultAssetsPipeline.uasset" 937
"../../../Engine/Plugins/Interchange/Runtime/Content/Pipelines/DefaultAssetsPipeline.uexp" 938
"../../../Engine/Plugins/Interchange/Runtime/Content/Pipelines/DefaultAudioPipeline.uasset" 939
"../../../Engine/Plugins/Interchange/Runtime/Content/Pipelines/DefaultAudioPipeline.uexp" 940
"../../../Engine/Plugins/Interchange/Runtime/Content/Pipelines/DefaultGLTFAssetsPipeline.uasset" 941
"../../../Engine/Plugins/Interchange/Runtime/Content/Pipelines/DefaultGLTFAssetsPipeline.uexp" 942
"../../../Engine/Plugins/Interchange/Runtime/Content/Pipelines/DefaultGLTFPipeline.uasset" 943
"../../../Engine/Plugins/Interchange/Runtime/Content/Pipelines/DefaultGLTFPipeline.uexp" 944
"../../../Engine/Plugins/Interchange/Runtime/Content/Pipelines/DefaultGLTFSceneAssetsPipeline.uasset" 945
"../../../Engine/Plugins/Interchange/Runtime/Content/Pipelines/DefaultGLTFSceneAssetsPipeline.uexp" 946
"../../../Engine/Plugins/Interchange/Runtime/Content/Pipelines/DefaultMaterialPipeline.uasset" 947
"../../../Engine/Plugins/Interchange/Runtime/Content/Pipelines/DefaultMaterialPipeline.uexp" 948
"../../../Engine/Plugins/Interchange/Runtime/Content/Pipelines/DefaultMaterialXPipeline.uasset" 949
"../../../Engine/Plugins/Interchange/Runtime/Content/Pipelines/DefaultMaterialXPipeline.uexp" 950
"../../../Engine/Plugins/Interchange/Runtime/Content/Pipelines/DefaultSceneAssetsPipeline.uasset" 951
"../../../Engine/Plugins/Interchange/Runtime/Content/Pipelines/DefaultSceneAssetsPipeline.uexp" 952
"../../../Engine/Plugins/Interchange/Runtime/Content/Pipelines/DefaultSceneLevelPipeline.uasset" 953
"../../../Engine/Plugins/Interchange/Runtime/Content/Pipelines/DefaultSceneLevelPipeline.uexp" 954
"../../../Engine/Plugins/Interchange/Runtime/Content/Pipelines/DefaultTexturePipeline.uasset" 955
"../../../Engine/Plugins/Interchange/Runtime/Content/Pipelines/DefaultTexturePipeline.uexp" 956
"../../../Engine/Content/Maps/Entry_BuiltData.uasset" 957
"../../../Engine/Content/Maps/Entry_BuiltData.uexp" 958
"../../../Engine/Content/Maps/Entry.uexp" 959
"../../../Engine/Content/Maps/Entry.umap" 960
"../../../Engine/Content/EditorBlueprintResources/StandardMacros.uasset" 961
"../../../Engine/Content/EditorBlueprintResources/StandardMacros.uexp" 962
"../../../Engine/Content/EngineSky/T_Sky_Blue.ubulk" 963
"../../../Engine/Content/EngineSky/T_Sky_Blue.uasset" 964
"../../../Engine/Content/EngineSky/T_Sky_Blue.uexp" 965
"../../../Engine/Content/EngineSky/T_Sky_Clouds_M.ubulk" 966
"../../../Engine/Content/EngineSky/T_Sky_Clouds_M.uasset" 967
"../../../Engine/Content/EngineSky/T_Sky_Clouds_M.uexp" 968
"../../../Engine/Content/EngineSky/T_Sky_Stars.ubulk" 969
"../../../Engine/Content/EngineSky/T_Sky_Stars.uasset" 970
"../../../Engine/Content/EngineSky/T_Sky_Stars.uexp" 971
"../../../Engine/Content/EngineSky/M_Sky_Panning_Clouds2.uasset" 972
"../../../Engine/Content/EngineSky/M_Sky_Panning_Clouds2.uexp" 973
"../../../Engine/Content/EngineSky/SM_SkySphere.ubulk" 974
"../../../Engine/Content/EngineSky/SM_SkySphere.uasset" 975
"../../../Engine/Content/EngineSky/SM_SkySphere.uexp" 976
"../../../Engine/Content/EngineSky/C_Sky_Cloud_Color.uasset" 977
"../../../Engine/Content/EngineSky/C_Sky_Cloud_Color.uexp" 978
"../../../Engine/Content/EngineSky/C_Sky_Horizon_Color.uasset" 979
"../../../Engine/Content/EngineSky/C_Sky_Horizon_Color.uexp" 980
"../../../Engine/Content/EngineSky/C_Sky_Zenith_Color.uasset" 981
"../../../Engine/Content/EngineSky/C_Sky_Zenith_Color.uexp" 982
"../../../Engine/Content/EngineSky/BP_Sky_Sphere.uasset" 983
"../../../Engine/Content/EngineSky/BP_Sky_Sphere.uexp" 984
"../../../Engine/Content/MapTemplates/Sky/DaylightAmbientCubemap.uasset" 985
"../../../Engine/Content/MapTemplates/Sky/DaylightAmbientCubemap.uexp" 986
"../../../Engine/Content/EngineMaterials/DefaultBokeh.uasset" 987
"../../../Engine/Content/EngineMaterials/DefaultBokeh.uexp" 988
"../../../Engine/Content/MapTemplates/T_ScreenDirt02_w.uasset" 989
"../../../Engine/Content/MapTemplates/T_ScreenDirt02_w.uexp" 990
"../../../Engine/Content/MapTemplates/lut/LUT_Daytime.uasset" 991
"../../../Engine/Content/MapTemplates/lut/LUT_Daytime.uexp" 992
"D:/Git_projects/UE/UE5_Ball_Game/UE5_Ball_Game/Content/StylizedDungeonVol2/Textures/Other/T_Clouds_1.ubulk" 993
"D:/Git_projects/UE/UE5_Ball_Game/UE5_Ball_Game/Content/StylizedDungeonVol2/Textures/Other/T_Clouds_1.uasset" 994
"D:/Git_projects/UE/UE5_Ball_Game/UE5_Ball_Game/Content/StylizedDungeonVol2/Textures/Other/T_Clouds_1.uexp" 995
"D:/Git_projects/UE/UE5_Ball_Game/UE5_Ball_Game/Content/StylizedDungeonVol2/Textures/Other/T_Dots_1.ubulk" 996
"D:/Git_projects/UE/UE5_Ball_Game/UE5_Ball_Game/Content/StylizedDungeonVol2/Textures/Other/T_Dots_1.uasset" 997
"D:/Git_projects/UE/UE5_Ball_Game/UE5_Ball_Game/Content/StylizedDungeonVol2/Textures/Other/T_Dots_1.uexp" 998
"D:/Git_projects/UE/UE5_Ball_Game/UE5_Ball_Game/Content/StylizedDungeonVol2/Textures/Other/T_Dots_1_2.ubulk" 999
"D:/Git_projects/UE/UE5_Ball_Game/UE5_Ball_Game/Content/StylizedDungeonVol2/Textures/Other/T_Dots_1_2.uasset" 1000
"D:/Git_projects/UE/UE5_Ball_Game/UE5_Ball_Game/Content/StylizedDungeonVol2/Textures/Other/T_Dots_1_2.uexp" 1001
"D:/Git_projects/UE/UE5_Ball_Game/UE5_Ball_Game/Content/StylizedDungeonVol2/Textures/Door/T_Gate_Door_1_Crystal.ubulk" 1002
"D:/Git_projects/UE/UE5_Ball_Game/UE5_Ball_Game/Content/StylizedDungeonVol2/Textures/Door/T_Gate_Door_1_Crystal.uasset" 1003
"D:/Git_projects/UE/UE5_Ball_Game/UE5_Ball_Game/Content/StylizedDungeonVol2/Textures/Door/T_Gate_Door_1_Crystal.uexp" 1004
"D:/Git_projects/UE/UE5_Ball_Game/UE5_Ball_Game/Content/StylizedDungeonVol2/Textures/Other/T_Perlin_1.ubulk" 1005
"D:/Git_projects/UE/UE5_Ball_Game/UE5_Ball_Game/Content/StylizedDungeonVol2/Textures/Other/T_Perlin_1.uasset" 1006
"D:/Git_projects/UE/UE5_Ball_Game/UE5_Ball_Game/Content/StylizedDungeonVol2/Textures/Other/T_Perlin_1.uexp" 1007
"D:/Git_projects/UE/UE5_Ball_Game/UE5_Ball_Game/Content/StylizedDungeonVol2/Materials/M_MasterMat_4.uasset" 1008
"D:/Git_projects/UE/UE5_Ball_Game/UE5_Ball_Game/Content/StylizedDungeonVol2/Materials/M_MasterMat_4.uexp" 1009
"D:/Git_projects/UE/UE5_Ball_Game/UE5_Ball_Game/Content/StylizedDungeonVol2/Textures/Torch/T_Torch_1_Crystal.ubulk" 1010
"D:/Git_projects/UE/UE5_Ball_Game/UE5_Ball_Game/Content/StylizedDungeonVol2/Textures/Torch/T_Torch_1_Crystal.uasset" 1011
"D:/Git_projects/UE/UE5_Ball_Game/UE5_Ball_Game/Content/StylizedDungeonVol2/Textures/Torch/T_Torch_1_Crystal.uexp" 1012
"D:/Git_projects/UE/UE5_Ball_Game/UE5_Ball_Game/Content/StylizedDungeonVol2/Materials/MI_Crystal_1_2.uasset" 1013
"D:/Git_projects/UE/UE5_Ball_Game/UE5_Ball_Game/Content/StylizedDungeonVol2/Materials/MI_Crystal_1_2.uexp" 1014
"D:/Git_projects/UE/UE5_Ball_Game/UE5_Ball_Game/Content/StylizedDungeonVol2/Meshes/Props/SM_Crystal_1.ubulk" 1015
"D:/Git_projects/UE/UE5_Ball_Game/UE5_Ball_Game/Content/StylizedDungeonVol2/Meshes/Props/SM_Crystal_1.uasset" 1016
"D:/Git_projects/UE/UE5_Ball_Game/UE5_Ball_Game/Content/StylizedDungeonVol2/Meshes/Props/SM_Crystal_1.uexp" 1017
"D:/Git_projects/UE/UE5_Ball_Game/UE5_Ball_Game/Content/StylizedDungeonVol2/Blueprints/BP_Crystal_1.uasset" 1018
"D:/Git_projects/UE/UE5_Ball_Game/UE5_Ball_Game/Content/StylizedDungeonVol2/Blueprints/BP_Crystal_1.uexp" 1019
"D:/Git_projects/UE/UE5_Ball_Game/UE5_Ball_Game/Content/StylizedDungeonVol2/Meshes/Props/SM_Crystal_1_2.ubulk" 1020
"D:/Git_projects/UE/UE5_Ball_Game/UE5_Ball_Game/Content/StylizedDungeonVol2/Meshes/Props/SM_Crystal_1_2.uasset" 1021
"D:/Git_projects/UE/UE5_Ball_Game/UE5_Ball_Game/Content/StylizedDungeonVol2/Meshes/Props/SM_Crystal_1_2.uexp" 1022
"D:/Git_projects/UE/UE5_Ball_Game/UE5_Ball_Game/Content/StylizedDungeonVol2/Blueprints/BP_Crystal_2.uasset" 1023
"D:/Git_projects/UE/UE5_Ball_Game/UE5_Ball_Game/Content/StylizedDungeonVol2/Blueprints/BP_Crystal_2.uexp" 1024
"D:/Git_projects/UE/UE5_Ball_Game/UE5_Ball_Game/Content/StylizedDungeonVol2/Materials/MI_Crystal_1_3.uasset" 1025
"D:/Git_projects/UE/UE5_Ball_Game/UE5_Ball_Game/Content/StylizedDungeonVol2/Materials/MI_Crystal_1_3.uexp" 1026
"D:/Git_projects/UE/UE5_Ball_Game/UE5_Ball_Game/Content/StylizedDungeonVol2/Blueprints/BP_Crystal_1_2.uasset" 1027
"D:/Git_projects/UE/UE5_Ball_Game/UE5_Ball_Game/Content/StylizedDungeonVol2/Blueprints/BP_Crystal_1_2.uexp" 1028
"D:/Git_projects/UE/UE5_Ball_Game/UE5_Ball_Game/Content/StylizedDungeonVol2/Materials/MI_Crystal_1_5.uasset" 1029
"D:/Git_projects/UE/UE5_Ball_Game/UE5_Ball_Game/Content/StylizedDungeonVol2/Materials/MI_Crystal_1_5.uexp" 1030
"D:/Git_projects/UE/UE5_Ball_Game/UE5_Ball_Game/Content/StylizedDungeonVol2/Blueprints/BP_Crystal_1_3.uasset" 1031
"D:/Git_projects/UE/UE5_Ball_Game/UE5_Ball_Game/Content/StylizedDungeonVol2/Blueprints/BP_Crystal_1_3.uexp" 1032
"D:/Git_projects/UE/UE5_Ball_Game/UE5_Ball_Game/Content/StylizedDungeonVol2/Blueprints/BP_Crystal_2_2.uasset" 1033
"D:/Git_projects/UE/UE5_Ball_Game/UE5_Ball_Game/Content/StylizedDungeonVol2/Blueprints/BP_Crystal_2_2.uexp" 1034
"D:/Git_projects/UE/UE5_Ball_Game/UE5_Ball_Game/Content/StylizedDungeonVol2/Materials/MI_Crystal_1_4.uasset" 1035
"D:/Git_projects/UE/UE5_Ball_Game/UE5_Ball_Game/Content/StylizedDungeonVol2/Materials/MI_Crystal_1_4.uexp" 1036
"D:/Git_projects/UE/UE5_Ball_Game/UE5_Ball_Game/Content/StylizedDungeonVol2/Blueprints/BP_Crystal_2_3.uasset" 1037
"D:/Git_projects/UE/UE5_Ball_Game/UE5_Ball_Game/Content/StylizedDungeonVol2/Blueprints/BP_Crystal_2_3.uexp" 1038
"../../../Engine/Content/Functions/Engine_MaterialFunctions01/Gradient/RadialGradient.uasset" 1039
"../../../Engine/Content/Functions/Engine_MaterialFunctions01/Gradient/RadialGradient.uexp" 1040
"D:/Git_projects/UE/UE5_Ball_Game/UE5_Ball_Game/Content/StylizedDungeonVol2/Materials/M_Gradient.uasset" 1041
"D:/Git_projects/UE/UE5_Ball_Game/UE5_Ball_Game/Content/StylizedDungeonVol2/Materials/M_Gradient.uexp" 1042
"D:/Git_projects/UE/UE5_Ball_Game/UE5_Ball_Game/Content/StylizedDungeonVol2/ParticleFX/PS_CrystalDots_2.uasset" 1043
"D:/Git_projects/UE/UE5_Ball_Game/UE5_Ball_Game/Content/StylizedDungeonVol2/ParticleFX/PS_CrystalDots_2.uexp" 1044
"../../../Engine/Content/Functions/Engine_MaterialFunctions02/Texturing/CustomRotator.uasset" 1045
"../../../Engine/Content/Functions/Engine_MaterialFunctions02/Texturing/CustomRotator.uexp" 1046
"D:/Git_projects/UE/UE5_Ball_Game/UE5_Ball_Game/Content/StylizedDungeonVol2/Textures/Other/T_MasterMat_1_Mask.ubulk" 1047
"D:/Git_projects/UE/UE5_Ball_Game/UE5_Ball_Game/Content/StylizedDungeonVol2/Textures/Other/T_MasterMat_1_Mask.uasset" 1048
"D:/Git_projects/UE/UE5_Ball_Game/UE5_Ball_Game/Content/StylizedDungeonVol2/Textures/Other/T_MasterMat_1_Mask.uexp" 1049
"D:/Git_projects/UE/UE5_Ball_Game/UE5_Ball_Game/Content/StylizedDungeonVol2/Textures/Other/T_MasterMat_Fabric_1_Normal.ubulk" 1050
"D:/Git_projects/UE/UE5_Ball_Game/UE5_Ball_Game/Content/StylizedDungeonVol2/Textures/Other/T_MasterMat_Fabric_1_Normal.uasset" 1051
"D:/Git_projects/UE/UE5_Ball_Game/UE5_Ball_Game/Content/StylizedDungeonVol2/Textures/Other/T_MasterMat_Fabric_1_Normal.uexp" 1052
"D:/Git_projects/UE/UE5_Ball_Game/UE5_Ball_Game/Content/StylizedDungeonVol2/Textures/Other/T_BaseMat_1.ubulk" 1053
"D:/Git_projects/UE/UE5_Ball_Game/UE5_Ball_Game/Content/StylizedDungeonVol2/Textures/Other/T_BaseMat_1.uasset" 1054
"D:/Git_projects/UE/UE5_Ball_Game/UE5_Ball_Game/Content/StylizedDungeonVol2/Textures/Other/T_BaseMat_1.uexp" 1055
"D:/Git_projects/UE/UE5_Ball_Game/UE5_Ball_Game/Content/StylizedDungeonVol2/Materials/M_MasterMat_1.uasset" 1056
"D:/Git_projects/UE/UE5_Ball_Game/UE5_Ball_Game/Content/StylizedDungeonVol2/Materials/M_MasterMat_1.uexp" 1057
"D:/Git_projects/UE/UE5_Ball_Game/UE5_Ball_Game/Content/StylizedDungeonVol2/Textures/Pillar/T_Pillar_1.ubulk" 1058
"D:/Git_projects/UE/UE5_Ball_Game/UE5_Ball_Game/Content/StylizedDungeonVol2/Textures/Pillar/T_Pillar_1.uasset" 1059
"D:/Git_projects/UE/UE5_Ball_Game/UE5_Ball_Game/Content/StylizedDungeonVol2/Textures/Pillar/T_Pillar_1.uexp" 1060
"D:/Git_projects/UE/UE5_Ball_Game/UE5_Ball_Game/Content/StylizedDungeonVol2/Materials/MI_Pillar_1.uasset" 1061
"D:/Git_projects/UE/UE5_Ball_Game/UE5_Ball_Game/Content/StylizedDungeonVol2/Materials/MI_Pillar_1.uexp" 1062
"D:/Git_projects/UE/UE5_Ball_Game/UE5_Ball_Game/Content/StylizedDungeonVol2/Textures/Pillar/T_Pillar_1_2_Crystal.ubulk" 1063
"D:/Git_projects/UE/UE5_Ball_Game/UE5_Ball_Game/Content/StylizedDungeonVol2/Textures/Pillar/T_Pillar_1_2_Crystal.uasset" 1064
"D:/Git_projects/UE/UE5_Ball_Game/UE5_Ball_Game/Content/StylizedDungeonVol2/Textures/Pillar/T_Pillar_1_2_Crystal.uexp" 1065
"D:/Git_projects/UE/UE5_Ball_Game/UE5_Ball_Game/Content/StylizedDungeonVol2/Materials/MI_Pillar_Crystal_1.uasset" 1066
"D:/Git_projects/UE/UE5_Ball_Game/UE5_Ball_Game/Content/StylizedDungeonVol2/Materials/MI_Pillar_Crystal_1.uexp" 1067
"D:/Git_projects/UE/UE5_Ball_Game/UE5_Ball_Game/Content/StylizedDungeonVol2/Meshes/Dungeon/SM_Pillar_1_2C.ubulk" 1068
"D:/Git_projects/UE/UE5_Ball_Game/UE5_Ball_Game/Content/StylizedDungeonVol2/Meshes/Dungeon/SM_Pillar_1_2C.uasset" 1069
"D:/Git_projects/UE/UE5_Ball_Game/UE5_Ball_Game/Content/StylizedDungeonVol2/Meshes/Dungeon/SM_Pillar_1_2C.uexp" 1070
"D:/Git_projects/UE/UE5_Ball_Game/UE5_Ball_Game/Content/StylizedDungeonVol2/Blueprints/BP_C_Pillar_1.uasset" 1071
"D:/Git_projects/UE/UE5_Ball_Game/UE5_Ball_Game/Content/StylizedDungeonVol2/Blueprints/BP_C_Pillar_1.uexp" 1072
"D:/Git_projects/UE/UE5_Ball_Game/UE5_Ball_Game/Content/StylizedDungeonVol2/ParticleFX/PS_CrystalDots_1.uasset" 1073
"D:/Git_projects/UE/UE5_Ball_Game/UE5_Ball_Game/Content/StylizedDungeonVol2/ParticleFX/PS_CrystalDots_1.uexp" 1074
"D:/Git_projects/UE/UE5_Ball_Game/UE5_Ball_Game/Content/StylizedDungeonVol2/Textures/Torch/T_Torch_1.ubulk" 1075
"D:/Git_projects/UE/UE5_Ball_Game/UE5_Ball_Game/Content/StylizedDungeonVol2/Textures/Torch/T_Torch_1.uasset" 1076
"D:/Git_projects/UE/UE5_Ball_Game/UE5_Ball_Game/Content/StylizedDungeonVol2/Textures/Torch/T_Torch_1.uexp" 1077
"D:/Git_projects/UE/UE5_Ball_Game/UE5_Ball_Game/Content/StylizedDungeonVol2/Materials/MI_Torch_1.uasset" 1078
"D:/Git_projects/UE/UE5_Ball_Game/UE5_Ball_Game/Content/StylizedDungeonVol2/Materials/MI_Torch_1.uexp" 1079
"D:/Git_projects/UE/UE5_Ball_Game/UE5_Ball_Game/Content/StylizedDungeonVol2/Materials/MI_Torch_Crystal_1.uasset" 1080
"D:/Git_projects/UE/UE5_Ball_Game/UE5_Ball_Game/Content/StylizedDungeonVol2/Materials/MI_Torch_Crystal_1.uexp" 1081
"D:/Git_projects/UE/UE5_Ball_Game/UE5_Ball_Game/Content/StylizedDungeonVol2/Meshes/Props/SM_Torch_1C.ubulk" 1082
"D:/Git_projects/UE/UE5_Ball_Game/UE5_Ball_Game/Content/StylizedDungeonVol2/Meshes/Props/SM_Torch_1C.uasset" 1083
"D:/Git_projects/UE/UE5_Ball_Game/UE5_Ball_Game/Content/StylizedDungeonVol2/Meshes/Props/SM_Torch_1C.uexp" 1084
"D:/Git_projects/UE/UE5_Ball_Game/UE5_Ball_Game/Content/StylizedDungeonVol2/Blueprints/BP_C_Torch_1.uasset" 1085
"D:/Git_projects/UE/UE5_Ball_Game/UE5_Ball_Game/Content/StylizedDungeonVol2/Blueprints/BP_C_Torch_1.uexp" 1086
"D:/Git_projects/UE/UE5_Ball_Game/UE5_Ball_Game/Content/StylizedDungeonVol2/Textures/Axe/T_Axe_1_Mask.ubulk" 1087
"D:/Git_projects/UE/UE5_Ball_Game/UE5_Ball_Game/Content/StylizedDungeonVol2/Textures/Axe/T_Axe_1_Mask.uasset" 1088
"D:/Git_projects/UE/UE5_Ball_Game/UE5_Ball_Game/Content/StylizedDungeonVol2/Textures/Axe/T_Axe_1_Mask.uexp" 1089
"D:/Git_projects/UE/UE5_Ball_Game/UE5_Ball_Game/Content/StylizedDungeonVol2/Textures/Axe/T_Axe_1_Metal.ubulk" 1090
"D:/Git_projects/UE/UE5_Ball_Game/UE5_Ball_Game/Content/StylizedDungeonVol2/Textures/Axe/T_Axe_1_Metal.uasset" 1091
"D:/Git_projects/UE/UE5_Ball_Game/UE5_Ball_Game/Content/StylizedDungeonVol2/Textures/Axe/T_Axe_1_Metal.uexp" 1092
"D:/Git_projects/UE/UE5_Ball_Game/UE5_Ball_Game/Content/StylizedDungeonVol2/Materials/MI_T_Axe_1_Metal.uasset" 1093
"D:/Git_projects/UE/UE5_Ball_Game/UE5_Ball_Game/Content/StylizedDungeonVol2/Materials/MI_T_Axe_1_Metal.uexp" 1094
"D:/Git_projects/UE/UE5_Ball_Game/UE5_Ball_Game/Content/StylizedDungeonVol2/Textures/Axe/T_Axe_1_Wood.ubulk" 1095
"D:/Git_projects/UE/UE5_Ball_Game/UE5_Ball_Game/Content/StylizedDungeonVol2/Textures/Axe/T_Axe_1_Wood.uasset" 1096
"D:/Git_projects/UE/UE5_Ball_Game/UE5_Ball_Game/Content/StylizedDungeonVol2/Textures/Axe/T_Axe_1_Wood.uexp" 1097
"D:/Git_projects/UE/UE5_Ball_Game/UE5_Ball_Game/Content/StylizedDungeonVol2/Materials/MI_T_Axe_1_Wood.uasset" 1098
"D:/Git_projects/UE/UE5_Ball_Game/UE5_Ball_Game/Content/StylizedDungeonVol2/Materials/MI_T_Axe_1_Wood.uexp" 1099
"D:/Git_projects/UE/UE5_Ball_Game/UE5_Ball_Game/Content/StylizedDungeonVol2/Meshes/Traps/SM_T_Axe_1.ubulk" 1100
"D:/Git_projects/UE/UE5_Ball_Game/UE5_Ball_Game/Content/StylizedDungeonVol2/Meshes/Traps/SM_T_Axe_1.uasset" 1101
"D:/Git_projects/UE/UE5_Ball_Game/UE5_Ball_Game/Content/StylizedDungeonVol2/Meshes/Traps/SM_T_Axe_1.uexp" 1102
"D:/Git_projects/UE/UE5_Ball_Game/UE5_Ball_Game/Content/StylizedDungeonVol2/Blueprints/BP_T_Axe_1.uasset" 1103
"D:/Git_projects/UE/UE5_Ball_Game/UE5_Ball_Game/Content/StylizedDungeonVol2/Blueprints/BP_T_Axe_1.uexp" 1104
"D:/Git_projects/UE/UE5_Ball_Game/UE5_Ball_Game/Content/StylizedDungeonVol2/Textures/SawBlade/T_SawBlade_1_Mask.ubulk" 1105
"D:/Git_projects/UE/UE5_Ball_Game/UE5_Ball_Game/Content/StylizedDungeonVol2/Textures/SawBlade/T_SawBlade_1_Mask.uasset" 1106
"D:/Git_projects/UE/UE5_Ball_Game/UE5_Ball_Game/Content/StylizedDungeonVol2/Textures/SawBlade/T_SawBlade_1_Mask.uexp" 1107
"D:/Git_projects/UE/UE5_Ball_Game/UE5_Ball_Game/Content/StylizedDungeonVol2/Textures/SawBlade/T_SawBlade_1_Metal.ubulk" 1108
"D:/Git_projects/UE/UE5_Ball_Game/UE5_Ball_Game/Content/StylizedDungeonVol2/Textures/SawBlade/T_SawBlade_1_Metal.uasset" 1109
"D:/Git_projects/UE/UE5_Ball_Game/UE5_Ball_Game/Content/StylizedDungeonVol2/Textures/SawBlade/T_SawBlade_1_Metal.uexp" 1110
"D:/Git_projects/UE/UE5_Ball_Game/UE5_Ball_Game/Content/StylizedDungeonVol2/Materials/MI_T_SawBlade_1_Metal.uasset" 1111
"D:/Git_projects/UE/UE5_Ball_Game/UE5_Ball_Game/Content/StylizedDungeonVol2/Materials/MI_T_SawBlade_1_Metal.uexp" 1112
"D:/Git_projects/UE/UE5_Ball_Game/UE5_Ball_Game/Content/StylizedDungeonVol2/Meshes/Traps/SM_T_SawBlade_1.ubulk" 1113
"D:/Git_projects/UE/UE5_Ball_Game/UE5_Ball_Game/Content/StylizedDungeonVol2/Meshes/Traps/SM_T_SawBlade_1.uasset" 1114
"D:/Git_projects/UE/UE5_Ball_Game/UE5_Ball_Game/Content/StylizedDungeonVol2/Meshes/Traps/SM_T_SawBlade_1.uexp" 1115
"D:/Git_projects/UE/UE5_Ball_Game/UE5_Ball_Game/Content/StylizedDungeonVol2/Blueprints/BP_T_SawBlade_1.uasset" 1116
"D:/Git_projects/UE/UE5_Ball_Game/UE5_Ball_Game/Content/StylizedDungeonVol2/Blueprints/BP_T_SawBlade_1.uexp" 1117
"D:/Git_projects/UE/UE5_Ball_Game/UE5_Ball_Game/Content/StylizedDungeonVol2/Textures/Spike/T_Spike_1_Metal.ubulk" 1118
"D:/Git_projects/UE/UE5_Ball_Game/UE5_Ball_Game/Content/StylizedDungeonVol2/Textures/Spike/T_Spike_1_Metal.uasset" 1119
"D:/Git_projects/UE/UE5_Ball_Game/UE5_Ball_Game/Content/StylizedDungeonVol2/Textures/Spike/T_Spike_1_Metal.uexp" 1120
"D:/Git_projects/UE/UE5_Ball_Game/UE5_Ball_Game/Content/StylizedDungeonVol2/Materials/MI_T_Spike_1_Metal.uasset" 1121
"D:/Git_projects/UE/UE5_Ball_Game/UE5_Ball_Game/Content/StylizedDungeonVol2/Materials/MI_T_Spike_1_Metal.uexp" 1122
"D:/Git_projects/UE/UE5_Ball_Game/UE5_Ball_Game/Content/StylizedDungeonVol2/Meshes/Traps/SM_T_Spike_1.ubulk" 1123
"D:/Git_projects/UE/UE5_Ball_Game/UE5_Ball_Game/Content/StylizedDungeonVol2/Meshes/Traps/SM_T_Spike_1.uasset" 1124
"D:/Git_projects/UE/UE5_Ball_Game/UE5_Ball_Game/Content/StylizedDungeonVol2/Meshes/Traps/SM_T_Spike_1.uexp" 1125
"D:/Git_projects/UE/UE5_Ball_Game/UE5_Ball_Game/Content/StylizedDungeonVol2/Blueprints/BP_T_Spikes_1.uasset" 1126
"D:/Git_projects/UE/UE5_Ball_Game/UE5_Ball_Game/Content/StylizedDungeonVol2/Blueprints/BP_T_Spikes_1.uexp" 1127
"D:/Git_projects/UE/UE5_Ball_Game/UE5_Ball_Game/Content/StylizedDungeonVol2/Maps/Demo_Map_1_BuiltData.ubulk" 1128
"D:/Git_projects/UE/UE5_Ball_Game/UE5_Ball_Game/Content/StylizedDungeonVol2/Maps/Demo_Map_1_BuiltData.uasset" 1129
"D:/Git_projects/UE/UE5_Ball_Game/UE5_Ball_Game/Content/StylizedDungeonVol2/Maps/Demo_Map_1_BuiltData.uexp" 1130
"D:/Git_projects/UE/UE5_Ball_Game/UE5_Ball_Game/Content/StylizedDungeonVol2/Textures/Book/T_Book_1.ubulk" 1131
"D:/Git_projects/UE/UE5_Ball_Game/UE5_Ball_Game/Content/StylizedDungeonVol2/Textures/Book/T_Book_1.uasset" 1132
"D:/Git_projects/UE/UE5_Ball_Game/UE5_Ball_Game/Content/StylizedDungeonVol2/Textures/Book/T_Book_1.uexp" 1133
"D:/Git_projects/UE/UE5_Ball_Game/UE5_Ball_Game/Content/StylizedDungeonVol2/Textures/Book/T_Book_1_Normal.ubulk" 1134
"D:/Git_projects/UE/UE5_Ball_Game/UE5_Ball_Game/Content/StylizedDungeonVol2/Textures/Book/T_Book_1_Normal.uasset" 1135
"D:/Git_projects/UE/UE5_Ball_Game/UE5_Ball_Game/Content/StylizedDungeonVol2/Textures/Book/T_Book_1_Normal.uexp" 1136
"D:/Git_projects/UE/UE5_Ball_Game/UE5_Ball_Game/Content/StylizedDungeonVol2/Materials/MI_Book_1.uasset" 1137
"D:/Git_projects/UE/UE5_Ball_Game/UE5_Ball_Game/Content/StylizedDungeonVol2/Materials/MI_Book_1.uexp" 1138
"D:/Git_projects/UE/UE5_Ball_Game/UE5_Ball_Game/Content/StylizedDungeonVol2/Materials/MI_Book_3.uasset" 1139
"D:/Git_projects/UE/UE5_Ball_Game/UE5_Ball_Game/Content/StylizedDungeonVol2/Materials/MI_Book_3.uexp" 1140
"D:/Git_projects/UE/UE5_Ball_Game/UE5_Ball_Game/Content/StylizedDungeonVol2/Materials/MI_Book_4.uasset" 1141
"D:/Git_projects/UE/UE5_Ball_Game/UE5_Ball_Game/Content/StylizedDungeonVol2/Materials/MI_Book_4.uexp" 1142
"D:/Git_projects/UE/UE5_Ball_Game/UE5_Ball_Game/Content/StylizedDungeonVol2/Textures/Book/T_Book_1_Metal.ubulk" 1143
"D:/Git_projects/UE/UE5_Ball_Game/UE5_Ball_Game/Content/StylizedDungeonVol2/Textures/Book/T_Book_1_Metal.uasset" 1144
"D:/Git_projects/UE/UE5_Ball_Game/UE5_Ball_Game/Content/StylizedDungeonVol2/Textures/Book/T_Book_1_Metal.uexp" 1145
"D:/Git_projects/UE/UE5_Ball_Game/UE5_Ball_Game/Content/StylizedDungeonVol2/Materials/MI_Book_1_Metal_2.uasset" 1146
"D:/Git_projects/UE/UE5_Ball_Game/UE5_Ball_Game/Content/StylizedDungeonVol2/Materials/MI_Book_1_Metal_2.uexp" 1147
"../../../Engine/Content/Functions/Engine_MaterialFunctions01/Texturing/SpiralBlur-SceneTexture.uasset" 1148
"../../../Engine/Content/Functions/Engine_MaterialFunctions01/Texturing/SpiralBlur-SceneTexture.uexp" 1149
"D:/Git_projects/UE/UE5_Ball_Game/UE5_Ball_Game/Content/StylizedDungeonVol2/Materials/M_MasterMat_2.uasset" 1150
"D:/Git_projects/UE/UE5_Ball_Game/UE5_Ball_Game/Content/StylizedDungeonVol2/Materials/M_MasterMat_2.uexp" 1151
"D:/Git_projects/UE/UE5_Ball_Game/UE5_Ball_Game/Content/StylizedDungeonVol2/Textures/Bottle/T_Bottle_1_Glass.ubulk" 1152
"D:/Git_projects/UE/UE5_Ball_Game/UE5_Ball_Game/Content/StylizedDungeonVol2/Textures/Bottle/T_Bottle_1_Glass.uasset" 1153
"D:/Git_projects/UE/UE5_Ball_Game/UE5_Ball_Game/Content/StylizedDungeonVol2/Textures/Bottle/T_Bottle_1_Glass.uexp" 1154
"D:/Git_projects/UE/UE5_Ball_Game/UE5_Ball_Game/Content/StylizedDungeonVol2/Materials/MI_Bottle_1_Glass_2.uasset" 1155
"D:/Git_projects/UE/UE5_Ball_Game/UE5_Ball_Game/Content/StylizedDungeonVol2/Materials/MI_Bottle_1_Glass_2.uexp" 1156
"D:/Git_projects/UE/UE5_Ball_Game/UE5_Ball_Game/Content/StylizedDungeonVol2/Textures/Soil/T_Soil_1.ubulk" 1157
"D:/Git_projects/UE/UE5_Ball_Game/UE5_Ball_Game/Content/StylizedDungeonVol2/Textures/Soil/T_Soil_1.uasset" 1158
"D:/Git_projects/UE/UE5_Ball_Game/UE5_Ball_Game/Content/StylizedDungeonVol2/Textures/Soil/T_Soil_1.uexp" 1159
"D:/Git_projects/UE/UE5_Ball_Game/UE5_Ball_Game/Content/StylizedDungeonVol2/Textures/Soil/T_Soil_1_normal.ubulk" 1160
"D:/Git_projects/UE/UE5_Ball_Game/UE5_Ball_Game/Content/StylizedDungeonVol2/Textures/Soil/T_Soil_1_normal.uasset" 1161
"D:/Git_projects/UE/UE5_Ball_Game/UE5_Ball_Game/Content/StylizedDungeonVol2/Textures/Soil/T_Soil_1_normal.uexp" 1162
"D:/Git_projects/UE/UE5_Ball_Game/UE5_Ball_Game/Content/StylizedDungeonVol2/Materials/M_Soil_1.uasset" 1163
"D:/Git_projects/UE/UE5_Ball_Game/UE5_Ball_Game/Content/StylizedDungeonVol2/Materials/M_Soil_1.uexp" 1164
"D:/Git_projects/UE/UE5_Ball_Game/UE5_Ball_Game/Content/StylizedDungeonVol2/Materials/MI_Soil_2.uasset" 1165
"D:/Git_projects/UE/UE5_Ball_Game/UE5_Ball_Game/Content/StylizedDungeonVol2/Materials/MI_Soil_2.uexp" 1166
"D:/Git_projects/UE/UE5_Ball_Game/UE5_Ball_Game/Content/StylizedDungeonVol2/Textures/SpiderWeb/T_SpiderWeb_1.ubulk" 1167
"D:/Git_projects/UE/UE5_Ball_Game/UE5_Ball_Game/Content/StylizedDungeonVol2/Textures/SpiderWeb/T_SpiderWeb_1.uasset" 1168
"D:/Git_projects/UE/UE5_Ball_Game/UE5_Ball_Game/Content/StylizedDungeonVol2/Textures/SpiderWeb/T_SpiderWeb_1.uexp" 1169
"D:/Git_projects/UE/UE5_Ball_Game/UE5_Ball_Game/Content/StylizedDungeonVol2/Materials/M_MasterMat_5.uasset" 1170
"D:/Git_projects/UE/UE5_Ball_Game/UE5_Ball_Game/Content/StylizedDungeonVol2/Materials/M_MasterMat_5.uexp" 1171
"D:/Git_projects/UE/UE5_Ball_Game/UE5_Ball_Game/Content/StylizedDungeonVol2/Materials/MI_SpiderWeb_1.uasset" 1172
"D:/Git_projects/UE/UE5_Ball_Game/UE5_Ball_Game/Content/StylizedDungeonVol2/Materials/MI_SpiderWeb_1.uexp" 1173
"../../../Engine/Content/Functions/Engine_MaterialFunctions01/Gradient/SphereGradient-2D.uasset" 1174
"../../../Engine/Content/Functions/Engine_MaterialFunctions01/Gradient/SphereGradient-2D.uexp" 1175
"D:/Git_projects/UE/UE5_Ball_Game/UE5_Ball_Game/Content/StylizedDungeonVol2/Materials/M_Dust_1.uasset" 1176
"D:/Git_projects/UE/UE5_Ball_Game/UE5_Ball_Game/Content/StylizedDungeonVol2/Materials/M_Dust_1.uexp" 1177
"D:/Git_projects/UE/UE5_Ball_Game/UE5_Ball_Game/Content/StylizedDungeonVol2/Materials/MI_Dust_1.uasset" 1178
"D:/Git_projects/UE/UE5_Ball_Game/UE5_Ball_Game/Content/StylizedDungeonVol2/Materials/MI_Dust_1.uexp" 1179
"D:/Git_projects/UE/UE5_Ball_Game/UE5_Ball_Game/Content/StylizedDungeonVol2/ParticleFX/PS_Dust_1.uasset" 1180
"D:/Git_projects/UE/UE5_Ball_Game/UE5_Ball_Game/Content/StylizedDungeonVol2/ParticleFX/PS_Dust_1.uexp" 1181
"D:/Git_projects/UE/UE5_Ball_Game/UE5_Ball_Game/Content/StylizedDungeonVol2/Textures/Brick/T_Brick_1.ubulk" 1182
"D:/Git_projects/UE/UE5_Ball_Game/UE5_Ball_Game/Content/StylizedDungeonVol2/Textures/Brick/T_Brick_1.uasset" 1183
"D:/Git_projects/UE/UE5_Ball_Game/UE5_Ball_Game/Content/StylizedDungeonVol2/Textures/Brick/T_Brick_1.uexp" 1184
"D:/Git_projects/UE/UE5_Ball_Game/UE5_Ball_Game/Content/StylizedDungeonVol2/Materials/MI_Brick_1.uasset" 1185
"D:/Git_projects/UE/UE5_Ball_Game/UE5_Ball_Game/Content/StylizedDungeonVol2/Materials/MI_Brick_1.uexp" 1186
"D:/Git_projects/UE/UE5_Ball_Game/UE5_Ball_Game/Content/StylizedDungeonVol2/Meshes/Dungeon/SM_Brick_1.ubulk" 1187
"D:/Git_projects/UE/UE5_Ball_Game/UE5_Ball_Game/Content/StylizedDungeonVol2/Meshes/Dungeon/SM_Brick_1.uasset" 1188
"D:/Git_projects/UE/UE5_Ball_Game/UE5_Ball_Game/Content/StylizedDungeonVol2/Meshes/Dungeon/SM_Brick_1.uexp" 1189
"D:/Git_projects/UE/UE5_Ball_Game/UE5_Ball_Game/Content/StylizedDungeonVol2/Meshes/Dungeon/SM_Brick_2.ubulk" 1190
"D:/Git_projects/UE/UE5_Ball_Game/UE5_Ball_Game/Content/StylizedDungeonVol2/Meshes/Dungeon/SM_Brick_2.uasset" 1191
"D:/Git_projects/UE/UE5_Ball_Game/UE5_Ball_Game/Content/StylizedDungeonVol2/Meshes/Dungeon/SM_Brick_2.uexp" 1192
"D:/Git_projects/UE/UE5_Ball_Game/UE5_Ball_Game/Content/StylizedDungeonVol2/Textures/Column/T_Column_1.ubulk" 1193
"D:/Git_projects/UE/UE5_Ball_Game/UE5_Ball_Game/Content/StylizedDungeonVol2/Textures/Column/T_Column_1.uasset" 1194
"D:/Git_projects/UE/UE5_Ball_Game/UE5_Ball_Game/Content/StylizedDungeonVol2/Textures/Column/T_Column_1.uexp" 1195
"D:/Git_projects/UE/UE5_Ball_Game/UE5_Ball_Game/Content/StylizedDungeonVol2/Materials/MI_Column_1.uasset" 1196
"D:/Git_projects/UE/UE5_Ball_Game/UE5_Ball_Game/Content/StylizedDungeonVol2/Materials/MI_Column_1.uexp" 1197
"D:/Git_projects/UE/UE5_Ball_Game/UE5_Ball_Game/Content/StylizedDungeonVol2/Meshes/Dungeon/SM_Column_1.ubulk" 1198
"D:/Git_projects/UE/UE5_Ball_Game/UE5_Ball_Game/Content/StylizedDungeonVol2/Meshes/Dungeon/SM_Column_1.uasset" 1199
"D:/Git_projects/UE/UE5_Ball_Game/UE5_Ball_Game/Content/StylizedDungeonVol2/Meshes/Dungeon/SM_Column_1.uexp" 1200
"D:/Git_projects/UE/UE5_Ball_Game/UE5_Ball_Game/Content/StylizedDungeonVol2/Textures/Floor/T_Floor_1.ubulk" 1201
"D:/Git_projects/UE/UE5_Ball_Game/UE5_Ball_Game/Content/StylizedDungeonVol2/Textures/Floor/T_Floor_1.uasset" 1202
"D:/Git_projects/UE/UE5_Ball_Game/UE5_Ball_Game/Content/StylizedDungeonVol2/Textures/Floor/T_Floor_1.uexp" 1203
"D:/Git_projects/UE/UE5_Ball_Game/UE5_Ball_Game/Content/StylizedDungeonVol2/Materials/MI_Floor_1.uasset" 1204
"D:/Git_projects/UE/UE5_Ball_Game/UE5_Ball_Game/Content/StylizedDungeonVol2/Materials/MI_Floor_1.uexp" 1205
"D:/Git_projects/UE/UE5_Ball_Game/UE5_Ball_Game/Content/StylizedDungeonVol2/Meshes/Dungeon/SM_Floor_1.ubulk" 1206
"D:/Git_projects/UE/UE5_Ball_Game/UE5_Ball_Game/Content/StylizedDungeonVol2/Meshes/Dungeon/SM_Floor_1.uasset" 1207
"D:/Git_projects/UE/UE5_Ball_Game/UE5_Ball_Game/Content/StylizedDungeonVol2/Meshes/Dungeon/SM_Floor_1.uexp" 1208
"D:/Git_projects/UE/UE5_Ball_Game/UE5_Ball_Game/Content/StylizedDungeonVol2/Materials/MI_Soil_1.uasset" 1209
"D:/Git_projects/UE/UE5_Ball_Game/UE5_Ball_Game/Content/StylizedDungeonVol2/Materials/MI_Soil_1.uexp" 1210
"D:/Git_projects/UE/UE5_Ball_Game/UE5_Ball_Game/Content/StylizedDungeonVol2/Meshes/Dungeon/SM_Floor_1_2.ubulk" 1211
"D:/Git_projects/UE/UE5_Ball_Game/UE5_Ball_Game/Content/StylizedDungeonVol2/Meshes/Dungeon/SM_Floor_1_2.uasset" 1212
"D:/Git_projects/UE/UE5_Ball_Game/UE5_Ball_Game/Content/StylizedDungeonVol2/Meshes/Dungeon/SM_Floor_1_2.uexp" 1213
"D:/Git_projects/UE/UE5_Ball_Game/UE5_Ball_Game/Content/StylizedDungeonVol2/Textures/Gate/T_Gate_1_Arc.ubulk" 1214
"D:/Git_projects/UE/UE5_Ball_Game/UE5_Ball_Game/Content/StylizedDungeonVol2/Textures/Gate/T_Gate_1_Arc.uasset" 1215
"D:/Git_projects/UE/UE5_Ball_Game/UE5_Ball_Game/Content/StylizedDungeonVol2/Textures/Gate/T_Gate_1_Arc.uexp" 1216
"D:/Git_projects/UE/UE5_Ball_Game/UE5_Ball_Game/Content/StylizedDungeonVol2/Materials/MI_Arc_1.uasset" 1217
"D:/Git_projects/UE/UE5_Ball_Game/UE5_Ball_Game/Content/StylizedDungeonVol2/Materials/MI_Arc_1.uexp" 1218
"D:/Git_projects/UE/UE5_Ball_Game/UE5_Ball_Game/Content/StylizedDungeonVol2/Meshes/Dungeon/SM_Gate_1.ubulk" 1219
"D:/Git_projects/UE/UE5_Ball_Game/UE5_Ball_Game/Content/StylizedDungeonVol2/Meshes/Dungeon/SM_Gate_1.uasset" 1220
"D:/Git_projects/UE/UE5_Ball_Game/UE5_Ball_Game/Content/StylizedDungeonVol2/Meshes/Dungeon/SM_Gate_1.uexp" 1221
"D:/Git_projects/UE/UE5_Ball_Game/UE5_Ball_Game/Content/StylizedDungeonVol2/Textures/Door/T_Gate_Door_1.ubulk" 1222
"D:/Git_projects/UE/UE5_Ball_Game/UE5_Ball_Game/Content/StylizedDungeonVol2/Textures/Door/T_Gate_Door_1.uasset" 1223
"D:/Git_projects/UE/UE5_Ball_Game/UE5_Ball_Game/Content/StylizedDungeonVol2/Textures/Door/T_Gate_Door_1.uexp" 1224
"D:/Git_projects/UE/UE5_Ball_Game/UE5_Ball_Game/Content/StylizedDungeonVol2/Materials/MI_Door_1_Metal.uasset" 1225
"D:/Git_projects/UE/UE5_Ball_Game/UE5_Ball_Game/Content/StylizedDungeonVol2/Materials/MI_Door_1_Metal.uexp" 1226
"D:/Git_projects/UE/UE5_Ball_Game/UE5_Ball_Game/Content/StylizedDungeonVol2/Meshes/Dungeon/SM_Gate_1_2.ubulk" 1227
"D:/Git_projects/UE/UE5_Ball_Game/UE5_Ball_Game/Content/StylizedDungeonVol2/Meshes/Dungeon/SM_Gate_1_2.uasset" 1228
"D:/Git_projects/UE/UE5_Ball_Game/UE5_Ball_Game/Content/StylizedDungeonVol2/Meshes/Dungeon/SM_Gate_1_2.uexp" 1229
"D:/Git_projects/UE/UE5_Ball_Game/UE5_Ball_Game/Content/StylizedDungeonVol2/Materials/MI_Crystal_1.uasset" 1230
"D:/Git_projects/UE/UE5_Ball_Game/UE5_Ball_Game/Content/StylizedDungeonVol2/Materials/MI_Crystal_1.uexp" 1231
"D:/Git_projects/UE/UE5_Ball_Game/UE5_Ball_Game/Content/StylizedDungeonVol2/Textures/Door/T_Gate_Door_1_Wood.ubulk" 1232
"D:/Git_projects/UE/UE5_Ball_Game/UE5_Ball_Game/Content/StylizedDungeonVol2/Textures/Door/T_Gate_Door_1_Wood.uasset" 1233
"D:/Git_projects/UE/UE5_Ball_Game/UE5_Ball_Game/Content/StylizedDungeonVol2/Textures/Door/T_Gate_Door_1_Wood.uexp" 1234
"D:/Git_projects/UE/UE5_Ball_Game/UE5_Ball_Game/Content/StylizedDungeonVol2/Materials/MI_Door_1_Wood.uasset" 1235
"D:/Git_projects/UE/UE5_Ball_Game/UE5_Ball_Game/Content/StylizedDungeonVol2/Materials/MI_Door_1_Wood.uexp" 1236
"D:/Git_projects/UE/UE5_Ball_Game/UE5_Ball_Game/Content/StylizedDungeonVol2/Meshes/Dungeon/SM_Gate_Door_1_L.ubulk" 1237
"D:/Git_projects/UE/UE5_Ball_Game/UE5_Ball_Game/Content/StylizedDungeonVol2/Meshes/Dungeon/SM_Gate_Door_1_L.uasset" 1238
"D:/Git_projects/UE/UE5_Ball_Game/UE5_Ball_Game/Content/StylizedDungeonVol2/Meshes/Dungeon/SM_Gate_Door_1_L.uexp" 1239
"D:/Git_projects/UE/UE5_Ball_Game/UE5_Ball_Game/Content/StylizedDungeonVol2/Meshes/Dungeon/SM_Gate_Door_1_R.ubulk" 1240
"D:/Git_projects/UE/UE5_Ball_Game/UE5_Ball_Game/Content/StylizedDungeonVol2/Meshes/Dungeon/SM_Gate_Door_1_R.uasset" 1241
"D:/Git_projects/UE/UE5_Ball_Game/UE5_Ball_Game/Content/StylizedDungeonVol2/Meshes/Dungeon/SM_Gate_Door_1_R.uexp" 1242
"D:/Git_projects/UE/UE5_Ball_Game/UE5_Ball_Game/Content/StylizedDungeonVol2/Meshes/Dungeon/SM_Pillar_1.ubulk" 1243
"D:/Git_projects/UE/UE5_Ball_Game/UE5_Ball_Game/Content/StylizedDungeonVol2/Meshes/Dungeon/SM_Pillar_1.uasset" 1244
"D:/Git_projects/UE/UE5_Ball_Game/UE5_Ball_Game/Content/StylizedDungeonVol2/Meshes/Dungeon/SM_Pillar_1.uexp" 1245
"D:/Git_projects/UE/UE5_Ball_Game/UE5_Ball_Game/Content/StylizedDungeonVol2/Meshes/Dungeon/SM_Pillar_1_2.ubulk" 1246
"D:/Git_projects/UE/UE5_Ball_Game/UE5_Ball_Game/Content/StylizedDungeonVol2/Meshes/Dungeon/SM_Pillar_1_2.uasset" 1247
"D:/Git_projects/UE/UE5_Ball_Game/UE5_Ball_Game/Content/StylizedDungeonVol2/Meshes/Dungeon/SM_Pillar_1_2.uexp" 1248
"D:/Git_projects/UE/UE5_Ball_Game/UE5_Ball_Game/Content/StylizedDungeonVol2/Materials/M_Overview_1.uasset" 1249
"D:/Git_projects/UE/UE5_Ball_Game/UE5_Ball_Game/Content/StylizedDungeonVol2/Materials/M_Overview_1.uexp" 1250
"D:/Git_projects/UE/UE5_Ball_Game/UE5_Ball_Game/Content/StylizedDungeonVol2/Meshes/Dungeon/SM_Plane_1.ubulk" 1251
"D:/Git_projects/UE/UE5_Ball_Game/UE5_Ball_Game/Content/StylizedDungeonVol2/Meshes/Dungeon/SM_Plane_1.uasset" 1252
"D:/Git_projects/UE/UE5_Ball_Game/UE5_Ball_Game/Content/StylizedDungeonVol2/Meshes/Dungeon/SM_Plane_1.uexp" 1253
"D:/Git_projects/UE/UE5_Ball_Game/UE5_Ball_Game/Content/StylizedDungeonVol2/Textures/Railing/T_Railing_1.ubulk" 1254
"D:/Git_projects/UE/UE5_Ball_Game/UE5_Ball_Game/Content/StylizedDungeonVol2/Textures/Railing/T_Railing_1.uasset" 1255
"D:/Git_projects/UE/UE5_Ball_Game/UE5_Ball_Game/Content/StylizedDungeonVol2/Textures/Railing/T_Railing_1.uexp" 1256
"D:/Git_projects/UE/UE5_Ball_Game/UE5_Ball_Game/Content/StylizedDungeonVol2/Materials/MI_Railing_1.uasset" 1257
"D:/Git_projects/UE/UE5_Ball_Game/UE5_Ball_Game/Content/StylizedDungeonVol2/Materials/MI_Railing_1.uexp" 1258
"D:/Git_projects/UE/UE5_Ball_Game/UE5_Ball_Game/Content/StylizedDungeonVol2/Meshes/Dungeon/SM_Railing_1.ubulk" 1259
"D:/Git_projects/UE/UE5_Ball_Game/UE5_Ball_Game/Content/StylizedDungeonVol2/Meshes/Dungeon/SM_Railing_1.uasset" 1260
"D:/Git_projects/UE/UE5_Ball_Game/UE5_Ball_Game/Content/StylizedDungeonVol2/Meshes/Dungeon/SM_Railing_1.uexp" 1261
"D:/Git_projects/UE/UE5_Ball_Game/UE5_Ball_Game/Content/StylizedDungeonVol2/Textures/Cliff/T_Cliff_1_1.ubulk" 1262
"D:/Git_projects/UE/UE5_Ball_Game/UE5_Ball_Game/Content/StylizedDungeonVol2/Textures/Cliff/T_Cliff_1_1.uasset" 1263
"D:/Git_projects/UE/UE5_Ball_Game/UE5_Ball_Game/Content/StylizedDungeonVol2/Textures/Cliff/T_Cliff_1_1.uexp" 1264
"D:/Git_projects/UE/UE5_Ball_Game/UE5_Ball_Game/Content/StylizedDungeonVol2/Textures/Cliff/T_Cliff_1_1_Normal.ubulk" 1265
"D:/Git_projects/UE/UE5_Ball_Game/UE5_Ball_Game/Content/StylizedDungeonVol2/Textures/Cliff/T_Cliff_1_1_Normal.uasset" 1266
"D:/Git_projects/UE/UE5_Ball_Game/UE5_Ball_Game/Content/StylizedDungeonVol2/Textures/Cliff/T_Cliff_1_1_Normal.uexp" 1267
"D:/Git_projects/UE/UE5_Ball_Game/UE5_Ball_Game/Content/StylizedDungeonVol2/Materials/M_MasterMat_3.uasset" 1268
"D:/Git_projects/UE/UE5_Ball_Game/UE5_Ball_Game/Content/StylizedDungeonVol2/Materials/M_MasterMat_3.uexp" 1269
"D:/Git_projects/UE/UE5_Ball_Game/UE5_Ball_Game/Content/StylizedDungeonVol2/Textures/Cliff/T_Cliff_1.ubulk" 1270
"D:/Git_projects/UE/UE5_Ball_Game/UE5_Ball_Game/Content/StylizedDungeonVol2/Textures/Cliff/T_Cliff_1.uasset" 1271
"D:/Git_projects/UE/UE5_Ball_Game/UE5_Ball_Game/Content/StylizedDungeonVol2/Textures/Cliff/T_Cliff_1.uexp" 1272
"D:/Git_projects/UE/UE5_Ball_Game/UE5_Ball_Game/Content/StylizedDungeonVol2/Textures/Cliff/T_Cliff_1_Normal.ubulk" 1273
"D:/Git_projects/UE/UE5_Ball_Game/UE5_Ball_Game/Content/StylizedDungeonVol2/Textures/Cliff/T_Cliff_1_Normal.uasset" 1274
"D:/Git_projects/UE/UE5_Ball_Game/UE5_Ball_Game/Content/StylizedDungeonVol2/Textures/Cliff/T_Cliff_1_Normal.uexp" 1275
"D:/Git_projects/UE/UE5_Ball_Game/UE5_Ball_Game/Content/StylizedDungeonVol2/Materials/MI_Cliff_1.uasset" 1276
"D:/Git_projects/UE/UE5_Ball_Game/UE5_Ball_Game/Content/StylizedDungeonVol2/Materials/MI_Cliff_1.uexp" 1277
"D:/Git_projects/UE/UE5_Ball_Game/UE5_Ball_Game/Content/StylizedDungeonVol2/Meshes/Dungeon/SM_Rock_Cliff_1.ubulk" 1278
"D:/Git_projects/UE/UE5_Ball_Game/UE5_Ball_Game/Content/StylizedDungeonVol2/Meshes/Dungeon/SM_Rock_Cliff_1.uasset" 1279
"D:/Git_projects/UE/UE5_Ball_Game/UE5_Ball_Game/Content/StylizedDungeonVol2/Meshes/Dungeon/SM_Rock_Cliff_1.uexp" 1280
"D:/Git_projects/UE/UE5_Ball_Game/UE5_Ball_Game/Content/StylizedDungeonVol2/Textures/Stairs/T_Stairs_1.ubulk" 1281
"D:/Git_projects/UE/UE5_Ball_Game/UE5_Ball_Game/Content/StylizedDungeonVol2/Textures/Stairs/T_Stairs_1.uasset" 1282
"D:/Git_projects/UE/UE5_Ball_Game/UE5_Ball_Game/Content/StylizedDungeonVol2/Textures/Stairs/T_Stairs_1.uexp" 1283
"D:/Git_projects/UE/UE5_Ball_Game/UE5_Ball_Game/Content/StylizedDungeonVol2/Materials/MI_Stairs_1.uasset" 1284
"D:/Git_projects/UE/UE5_Ball_Game/UE5_Ball_Game/Content/StylizedDungeonVol2/Materials/MI_Stairs_1.uexp" 1285
"D:/Git_projects/UE/UE5_Ball_Game/UE5_Ball_Game/Content/StylizedDungeonVol2/Meshes/Dungeon/SM_Stairs_1.ubulk" 1286
"D:/Git_projects/UE/UE5_Ball_Game/UE5_Ball_Game/Content/StylizedDungeonVol2/Meshes/Dungeon/SM_Stairs_1.uasset" 1287
"D:/Git_projects/UE/UE5_Ball_Game/UE5_Ball_Game/Content/StylizedDungeonVol2/Meshes/Dungeon/SM_Stairs_1.uexp" 1288
"D:/Git_projects/UE/UE5_Ball_Game/UE5_Ball_Game/Content/StylizedDungeonVol2/Materials/MI_Rock_1.uasset" 1289
"D:/Git_projects/UE/UE5_Ball_Game/UE5_Ball_Game/Content/StylizedDungeonVol2/Materials/MI_Rock_1.uexp" 1290
"D:/Git_projects/UE/UE5_Ball_Game/UE5_Ball_Game/Content/StylizedDungeonVol2/Textures/Stalactite/T_Stalactite_1.ubulk" 1291
"D:/Git_projects/UE/UE5_Ball_Game/UE5_Ball_Game/Content/StylizedDungeonVol2/Textures/Stalactite/T_Stalactite_1.uasset" 1292
"D:/Git_projects/UE/UE5_Ball_Game/UE5_Ball_Game/Content/StylizedDungeonVol2/Textures/Stalactite/T_Stalactite_1.uexp" 1293
"D:/Git_projects/UE/UE5_Ball_Game/UE5_Ball_Game/Content/StylizedDungeonVol2/Textures/Stalactite/T_Stalactite_1_Normal.ubulk" 1294
"D:/Git_projects/UE/UE5_Ball_Game/UE5_Ball_Game/Content/StylizedDungeonVol2/Textures/Stalactite/T_Stalactite_1_Normal.uasset" 1295
"D:/Git_projects/UE/UE5_Ball_Game/UE5_Ball_Game/Content/StylizedDungeonVol2/Textures/Stalactite/T_Stalactite_1_Normal.uexp" 1296
"D:/Git_projects/UE/UE5_Ball_Game/UE5_Ball_Game/Content/StylizedDungeonVol2/Materials/MI_Stalactite_1.uasset" 1297
"D:/Git_projects/UE/UE5_Ball_Game/UE5_Ball_Game/Content/StylizedDungeonVol2/Materials/MI_Stalactite_1.uexp" 1298
"D:/Git_projects/UE/UE5_Ball_Game/UE5_Ball_Game/Content/StylizedDungeonVol2/Meshes/Dungeon/SM_Stalactite_1.ubulk" 1299
"D:/Git_projects/UE/UE5_Ball_Game/UE5_Ball_Game/Content/StylizedDungeonVol2/Meshes/Dungeon/SM_Stalactite_1.uasset" 1300
"D:/Git_projects/UE/UE5_Ball_Game/UE5_Ball_Game/Content/StylizedDungeonVol2/Meshes/Dungeon/SM_Stalactite_1.uexp" 1301
"D:/Git_projects/UE/UE5_Ball_Game/UE5_Ball_Game/Content/StylizedDungeonVol2/Textures/Wall/T_Wall_1.ubulk" 1302
"D:/Git_projects/UE/UE5_Ball_Game/UE5_Ball_Game/Content/StylizedDungeonVol2/Textures/Wall/T_Wall_1.uasset" 1303
"D:/Git_projects/UE/UE5_Ball_Game/UE5_Ball_Game/Content/StylizedDungeonVol2/Textures/Wall/T_Wall_1.uexp" 1304
"D:/Git_projects/UE/UE5_Ball_Game/UE5_Ball_Game/Content/StylizedDungeonVol2/Materials/MI_Wall_1.uasset" 1305
"D:/Git_projects/UE/UE5_Ball_Game/UE5_Ball_Game/Content/StylizedDungeonVol2/Materials/MI_Wall_1.uexp" 1306
"D:/Git_projects/UE/UE5_Ball_Game/UE5_Ball_Game/Content/StylizedDungeonVol2/Meshes/Dungeon/SM_Wall_1.ubulk" 1307
"D:/Git_projects/UE/UE5_Ball_Game/UE5_Ball_Game/Content/StylizedDungeonVol2/Meshes/Dungeon/SM_Wall_1.uasset" 1308
"D:/Git_projects/UE/UE5_Ball_Game/UE5_Ball_Game/Content/StylizedDungeonVol2/Meshes/Dungeon/SM_Wall_1.uexp" 1309
"D:/Git_projects/UE/UE5_Ball_Game/UE5_Ball_Game/Content/StylizedDungeonVol2/Textures/Wall/T_Wall_1_2.ubulk" 1310
"D:/Git_projects/UE/UE5_Ball_Game/UE5_Ball_Game/Content/StylizedDungeonVol2/Textures/Wall/T_Wall_1_2.uasset" 1311
"D:/Git_projects/UE/UE5_Ball_Game/UE5_Ball_Game/Content/StylizedDungeonVol2/Textures/Wall/T_Wall_1_2.uexp" 1312
"D:/Git_projects/UE/UE5_Ball_Game/UE5_Ball_Game/Content/StylizedDungeonVol2/Materials/MI_Wall_1_2.uasset" 1313
"D:/Git_projects/UE/UE5_Ball_Game/UE5_Ball_Game/Content/StylizedDungeonVol2/Materials/MI_Wall_1_2.uexp" 1314
"D:/Git_projects/UE/UE5_Ball_Game/UE5_Ball_Game/Content/StylizedDungeonVol2/Textures/Wall/T_Wall_1_2_Arc.ubulk" 1315
"D:/Git_projects/UE/UE5_Ball_Game/UE5_Ball_Game/Content/StylizedDungeonVol2/Textures/Wall/T_Wall_1_2_Arc.uasset" 1316
"D:/Git_projects/UE/UE5_Ball_Game/UE5_Ball_Game/Content/StylizedDungeonVol2/Textures/Wall/T_Wall_1_2_Arc.uexp" 1317
"D:/Git_projects/UE/UE5_Ball_Game/UE5_Ball_Game/Content/StylizedDungeonVol2/Materials/MI_Wall_Arc_1.uasset" 1318
"D:/Git_projects/UE/UE5_Ball_Game/UE5_Ball_Game/Content/StylizedDungeonVol2/Materials/MI_Wall_Arc_1.uexp" 1319
"D:/Git_projects/UE/UE5_Ball_Game/UE5_Ball_Game/Content/StylizedDungeonVol2/Meshes/Dungeon/SM_Wall_1_2.ubulk" 1320
"D:/Git_projects/UE/UE5_Ball_Game/UE5_Ball_Game/Content/StylizedDungeonVol2/Meshes/Dungeon/SM_Wall_1_2.uasset" 1321
"D:/Git_projects/UE/UE5_Ball_Game/UE5_Ball_Game/Content/StylizedDungeonVol2/Meshes/Dungeon/SM_Wall_1_2.uexp" 1322
"D:/Git_projects/UE/UE5_Ball_Game/UE5_Ball_Game/Content/StylizedDungeonVol2/Textures/Wall/T_Wall_1_3.ubulk" 1323
"D:/Git_projects/UE/UE5_Ball_Game/UE5_Ball_Game/Content/StylizedDungeonVol2/Textures/Wall/T_Wall_1_3.uasset" 1324
"D:/Git_projects/UE/UE5_Ball_Game/UE5_Ball_Game/Content/StylizedDungeonVol2/Textures/Wall/T_Wall_1_3.uexp" 1325
"D:/Git_projects/UE/UE5_Ball_Game/UE5_Ball_Game/Content/StylizedDungeonVol2/Materials/MI_Wall_1_3.uasset" 1326
"D:/Git_projects/UE/UE5_Ball_Game/UE5_Ball_Game/Content/StylizedDungeonVol2/Materials/MI_Wall_1_3.uexp" 1327
"D:/Git_projects/UE/UE5_Ball_Game/UE5_Ball_Game/Content/StylizedDungeonVol2/Meshes/Dungeon/SM_Wall_1_3.ubulk" 1328
"D:/Git_projects/UE/UE5_Ball_Game/UE5_Ball_Game/Content/StylizedDungeonVol2/Meshes/Dungeon/SM_Wall_1_3.uasset" 1329
"D:/Git_projects/UE/UE5_Ball_Game/UE5_Ball_Game/Content/StylizedDungeonVol2/Meshes/Dungeon/SM_Wall_1_3.uexp" 1330
"D:/Git_projects/UE/UE5_Ball_Game/UE5_Ball_Game/Content/StylizedDungeonVol2/Textures/Crate/T_Crate_1_Metal.ubulk" 1331
"D:/Git_projects/UE/UE5_Ball_Game/UE5_Ball_Game/Content/StylizedDungeonVol2/Textures/Crate/T_Crate_1_Metal.uasset" 1332
"D:/Git_projects/UE/UE5_Ball_Game/UE5_Ball_Game/Content/StylizedDungeonVol2/Textures/Crate/T_Crate_1_Metal.uexp" 1333
"D:/Git_projects/UE/UE5_Ball_Game/UE5_Ball_Game/Content/StylizedDungeonVol2/Materials/MI_Bed_1_Metal.uasset" 1334
"D:/Git_projects/UE/UE5_Ball_Game/UE5_Ball_Game/Content/StylizedDungeonVol2/Materials/MI_Bed_1_Metal.uexp" 1335
"D:/Git_projects/UE/UE5_Ball_Game/UE5_Ball_Game/Content/StylizedDungeonVol2/Textures/Bed/T_Bed_1_Wood.ubulk" 1336
"D:/Git_projects/UE/UE5_Ball_Game/UE5_Ball_Game/Content/StylizedDungeonVol2/Textures/Bed/T_Bed_1_Wood.uasset" 1337
"D:/Git_projects/UE/UE5_Ball_Game/UE5_Ball_Game/Content/StylizedDungeonVol2/Textures/Bed/T_Bed_1_Wood.uexp" 1338
"D:/Git_projects/UE/UE5_Ball_Game/UE5_Ball_Game/Content/StylizedDungeonVol2/Materials/MI_Bed_1_Wood.uasset" 1339
"D:/Git_projects/UE/UE5_Ball_Game/UE5_Ball_Game/Content/StylizedDungeonVol2/Materials/MI_Bed_1_Wood.uexp" 1340
"D:/Git_projects/UE/UE5_Ball_Game/UE5_Ball_Game/Content/StylizedDungeonVol2/Textures/Bed/T_Bed_1_Fabric.ubulk" 1341
"D:/Git_projects/UE/UE5_Ball_Game/UE5_Ball_Game/Content/StylizedDungeonVol2/Textures/Bed/T_Bed_1_Fabric.uasset" 1342
"D:/Git_projects/UE/UE5_Ball_Game/UE5_Ball_Game/Content/StylizedDungeonVol2/Textures/Bed/T_Bed_1_Fabric.uexp" 1343
"D:/Git_projects/UE/UE5_Ball_Game/UE5_Ball_Game/Content/StylizedDungeonVol2/Textures/Other/T_MasterMat_Fabric_2_Normal.ubulk" 1344
"D:/Git_projects/UE/UE5_Ball_Game/UE5_Ball_Game/Content/StylizedDungeonVol2/Textures/Other/T_MasterMat_Fabric_2_Normal.uasset" 1345
"D:/Git_projects/UE/UE5_Ball_Game/UE5_Ball_Game/Content/StylizedDungeonVol2/Textures/Other/T_MasterMat_Fabric_2_Normal.uexp" 1346
"D:/Git_projects/UE/UE5_Ball_Game/UE5_Ball_Game/Content/StylizedDungeonVol2/Materials/MI_Bed_Fabric_1.uasset" 1347
"D:/Git_projects/UE/UE5_Ball_Game/UE5_Ball_Game/Content/StylizedDungeonVol2/Materials/MI_Bed_Fabric_1.uexp" 1348
"D:/Git_projects/UE/UE5_Ball_Game/UE5_Ball_Game/Content/StylizedDungeonVol2/Meshes/Props/SM_Bed_1.ubulk" 1349
"D:/Git_projects/UE/UE5_Ball_Game/UE5_Ball_Game/Content/StylizedDungeonVol2/Meshes/Props/SM_Bed_1.uasset" 1350
"D:/Git_projects/UE/UE5_Ball_Game/UE5_Ball_Game/Content/StylizedDungeonVol2/Meshes/Props/SM_Bed_1.uexp" 1351
"D:/Git_projects/UE/UE5_Ball_Game/UE5_Ball_Game/Content/StylizedDungeonVol2/Materials/MI_Book_1_Metal.uasset" 1352
"D:/Git_projects/UE/UE5_Ball_Game/UE5_Ball_Game/Content/StylizedDungeonVol2/Materials/MI_Book_1_Metal.uexp" 1353
"D:/Git_projects/UE/UE5_Ball_Game/UE5_Ball_Game/Content/StylizedDungeonVol2/Meshes/Props/SM_Book_1.ubulk" 1354
"D:/Git_projects/UE/UE5_Ball_Game/UE5_Ball_Game/Content/StylizedDungeonVol2/Meshes/Props/SM_Book_1.uasset" 1355
"D:/Git_projects/UE/UE5_Ball_Game/UE5_Ball_Game/Content/StylizedDungeonVol2/Meshes/Props/SM_Book_1.uexp" 1356
"D:/Git_projects/UE/UE5_Ball_Game/UE5_Ball_Game/Content/StylizedDungeonVol2/Materials/MI_Book_2.uasset" 1357
"D:/Git_projects/UE/UE5_Ball_Game/UE5_Ball_Game/Content/StylizedDungeonVol2/Materials/MI_Book_2.uexp" 1358
"D:/Git_projects/UE/UE5_Ball_Game/UE5_Ball_Game/Content/StylizedDungeonVol2/Materials/MI_Book_2_Metal.uasset" 1359
"D:/Git_projects/UE/UE5_Ball_Game/UE5_Ball_Game/Content/StylizedDungeonVol2/Materials/MI_Book_2_Metal.uexp" 1360
"D:/Git_projects/UE/UE5_Ball_Game/UE5_Ball_Game/Content/StylizedDungeonVol2/Materials/MI_Crystal_2.uasset" 1361
"D:/Git_projects/UE/UE5_Ball_Game/UE5_Ball_Game/Content/StylizedDungeonVol2/Materials/MI_Crystal_2.uexp" 1362
"D:/Git_projects/UE/UE5_Ball_Game/UE5_Ball_Game/Content/StylizedDungeonVol2/Meshes/Props/SM_Book_2.ubulk" 1363
"D:/Git_projects/UE/UE5_Ball_Game/UE5_Ball_Game/Content/StylizedDungeonVol2/Meshes/Props/SM_Book_2.uasset" 1364
"D:/Git_projects/UE/UE5_Ball_Game/UE5_Ball_Game/Content/StylizedDungeonVol2/Meshes/Props/SM_Book_2.uexp" 1365
"D:/Git_projects/UE/UE5_Ball_Game/UE5_Ball_Game/Content/StylizedDungeonVol2/Textures/Book/T_Book_1_2.ubulk" 1366
"D:/Git_projects/UE/UE5_Ball_Game/UE5_Ball_Game/Content/StylizedDungeonVol2/Textures/Book/T_Book_1_2.uasset" 1367
"D:/Git_projects/UE/UE5_Ball_Game/UE5_Ball_Game/Content/StylizedDungeonVol2/Textures/Book/T_Book_1_2.uexp" 1368
"D:/Git_projects/UE/UE5_Ball_Game/UE5_Ball_Game/Content/StylizedDungeonVol2/Textures/Book/T_Book_1_2_Normal.ubulk" 1369
"D:/Git_projects/UE/UE5_Ball_Game/UE5_Ball_Game/Content/StylizedDungeonVol2/Textures/Book/T_Book_1_2_Normal.uasset" 1370
"D:/Git_projects/UE/UE5_Ball_Game/UE5_Ball_Game/Content/StylizedDungeonVol2/Textures/Book/T_Book_1_2_Normal.uexp" 1371
"D:/Git_projects/UE/UE5_Ball_Game/UE5_Ball_Game/Content/StylizedDungeonVol2/Materials/MI_Book_1_2.uasset" 1372
"D:/Git_projects/UE/UE5_Ball_Game/UE5_Ball_Game/Content/StylizedDungeonVol2/Materials/MI_Book_1_2.uexp" 1373
"D:/Git_projects/UE/UE5_Ball_Game/UE5_Ball_Game/Content/StylizedDungeonVol2/Materials/MI_Book_1_2_Metal.uasset" 1374
"D:/Git_projects/UE/UE5_Ball_Game/UE5_Ball_Game/Content/StylizedDungeonVol2/Materials/MI_Book_1_2_Metal.uexp" 1375
"D:/Git_projects/UE/UE5_Ball_Game/UE5_Ball_Game/Content/StylizedDungeonVol2/Meshes/Props/SM_Book_1_2.ubulk" 1376
"D:/Git_projects/UE/UE5_Ball_Game/UE5_Ball_Game/Content/StylizedDungeonVol2/Meshes/Props/SM_Book_1_2.uasset" 1377
"D:/Git_projects/UE/UE5_Ball_Game/UE5_Ball_Game/Content/StylizedDungeonVol2/Meshes/Props/SM_Book_1_2.uexp" 1378
"D:/Git_projects/UE/UE5_Ball_Game/UE5_Ball_Game/Content/StylizedDungeonVol2/Materials/MI_Bottle_1_Glass.uasset" 1379
"D:/Git_projects/UE/UE5_Ball_Game/UE5_Ball_Game/Content/StylizedDungeonVol2/Materials/MI_Bottle_1_Glass.uexp" 1380
"D:/Git_projects/UE/UE5_Ball_Game/UE5_Ball_Game/Content/StylizedDungeonVol2/Textures/Bottle/T_Bottle_1_Cork.ubulk" 1381
"D:/Git_projects/UE/UE5_Ball_Game/UE5_Ball_Game/Content/StylizedDungeonVol2/Textures/Bottle/T_Bottle_1_Cork.uasset" 1382
"D:/Git_projects/UE/UE5_Ball_Game/UE5_Ball_Game/Content/StylizedDungeonVol2/Textures/Bottle/T_Bottle_1_Cork.uexp" 1383
"D:/Git_projects/UE/UE5_Ball_Game/UE5_Ball_Game/Content/StylizedDungeonVol2/Materials/MI_Bottle_1_Cork.uasset" 1384
"D:/Git_projects/UE/UE5_Ball_Game/UE5_Ball_Game/Content/StylizedDungeonVol2/Materials/MI_Bottle_1_Cork.uexp" 1385
"D:/Git_projects/UE/UE5_Ball_Game/UE5_Ball_Game/Content/StylizedDungeonVol2/Materials/MI_Bottle_Liquid_1.uasset" 1386
"D:/Git_projects/UE/UE5_Ball_Game/UE5_Ball_Game/Content/StylizedDungeonVol2/Materials/MI_Bottle_Liquid_1.uexp" 1387
"D:/Git_projects/UE/UE5_Ball_Game/UE5_Ball_Game/Content/StylizedDungeonVol2/Meshes/Props/SM_Bottle_1.ubulk" 1388
"D:/Git_projects/UE/UE5_Ball_Game/UE5_Ball_Game/Content/StylizedDungeonVol2/Meshes/Props/SM_Bottle_1.uasset" 1389
"D:/Git_projects/UE/UE5_Ball_Game/UE5_Ball_Game/Content/StylizedDungeonVol2/Meshes/Props/SM_Bottle_1.uexp" 1390
"D:/Git_projects/UE/UE5_Ball_Game/UE5_Ball_Game/Content/StylizedDungeonVol2/Meshes/Props/SM_Bottle_1_2.ubulk" 1391
"D:/Git_projects/UE/UE5_Ball_Game/UE5_Ball_Game/Content/StylizedDungeonVol2/Meshes/Props/SM_Bottle_1_2.uasset" 1392
"D:/Git_projects/UE/UE5_Ball_Game/UE5_Ball_Game/Content/StylizedDungeonVol2/Meshes/Props/SM_Bottle_1_2.uexp" 1393
"D:/Git_projects/UE/UE5_Ball_Game/UE5_Ball_Game/Content/StylizedDungeonVol2/Materials/MI_Chair_1_Metal.uasset" 1394
"D:/Git_projects/UE/UE5_Ball_Game/UE5_Ball_Game/Content/StylizedDungeonVol2/Materials/MI_Chair_1_Metal.uexp" 1395
"D:/Git_projects/UE/UE5_Ball_Game/UE5_Ball_Game/Content/StylizedDungeonVol2/Textures/Chair/T_Chair_1_Wood.ubulk" 1396
"D:/Git_projects/UE/UE5_Ball_Game/UE5_Ball_Game/Content/StylizedDungeonVol2/Textures/Chair/T_Chair_1_Wood.uasset" 1397
"D:/Git_projects/UE/UE5_Ball_Game/UE5_Ball_Game/Content/StylizedDungeonVol2/Textures/Chair/T_Chair_1_Wood.uexp" 1398
"D:/Git_projects/UE/UE5_Ball_Game/UE5_Ball_Game/Content/StylizedDungeonVol2/Materials/MI_Chair_1_Wood.uasset" 1399
"D:/Git_projects/UE/UE5_Ball_Game/UE5_Ball_Game/Content/StylizedDungeonVol2/Materials/MI_Chair_1_Wood.uexp" 1400
"D:/Git_projects/UE/UE5_Ball_Game/UE5_Ball_Game/Content/StylizedDungeonVol2/Textures/Chair/T_Chair_1.ubulk" 1401
"D:/Git_projects/UE/UE5_Ball_Game/UE5_Ball_Game/Content/StylizedDungeonVol2/Textures/Chair/T_Chair_1.uasset" 1402
"D:/Git_projects/UE/UE5_Ball_Game/UE5_Ball_Game/Content/StylizedDungeonVol2/Textures/Chair/T_Chair_1.uexp" 1403
"D:/Git_projects/UE/UE5_Ball_Game/UE5_Ball_Game/Content/StylizedDungeonVol2/Materials/MI_Chair_Fabric_1.uasset" 1404
"D:/Git_projects/UE/UE5_Ball_Game/UE5_Ball_Game/Content/StylizedDungeonVol2/Materials/MI_Chair_Fabric_1.uexp" 1405
"D:/Git_projects/UE/UE5_Ball_Game/UE5_Ball_Game/Content/StylizedDungeonVol2/Meshes/Props/SM_Chair_1.ubulk" 1406
"D:/Git_projects/UE/UE5_Ball_Game/UE5_Ball_Game/Content/StylizedDungeonVol2/Meshes/Props/SM_Chair_1.uasset" 1407
"D:/Git_projects/UE/UE5_Ball_Game/UE5_Ball_Game/Content/StylizedDungeonVol2/Meshes/Props/SM_Chair_1.uexp" 1408
"D:/Git_projects/UE/UE5_Ball_Game/UE5_Ball_Game/Content/StylizedDungeonVol2/Materials/MI_Crate_1_Metal.uasset" 1409
"D:/Git_projects/UE/UE5_Ball_Game/UE5_Ball_Game/Content/StylizedDungeonVol2/Materials/MI_Crate_1_Metal.uexp" 1410
"D:/Git_projects/UE/UE5_Ball_Game/UE5_Ball_Game/Content/StylizedDungeonVol2/Textures/Crate/T_Crate_1_Wood.ubulk" 1411
"D:/Git_projects/UE/UE5_Ball_Game/UE5_Ball_Game/Content/StylizedDungeonVol2/Textures/Crate/T_Crate_1_Wood.uasset" 1412
"D:/Git_projects/UE/UE5_Ball_Game/UE5_Ball_Game/Content/StylizedDungeonVol2/Textures/Crate/T_Crate_1_Wood.uexp" 1413
"D:/Git_projects/UE/UE5_Ball_Game/UE5_Ball_Game/Content/StylizedDungeonVol2/Materials/MI_Crate_1_Wood.uasset" 1414
"D:/Git_projects/UE/UE5_Ball_Game/UE5_Ball_Game/Content/StylizedDungeonVol2/Materials/MI_Crate_1_Wood.uexp" 1415
"D:/Git_projects/UE/UE5_Ball_Game/UE5_Ball_Game/Content/StylizedDungeonVol2/Meshes/Props/SM_Crate_1.ubulk" 1416
"D:/Git_projects/UE/UE5_Ball_Game/UE5_Ball_Game/Content/StylizedDungeonVol2/Meshes/Props/SM_Crate_1.uasset" 1417
"D:/Git_projects/UE/UE5_Ball_Game/UE5_Ball_Game/Content/StylizedDungeonVol2/Meshes/Props/SM_Crate_1.uexp" 1418
"D:/Git_projects/UE/UE5_Ball_Game/UE5_Ball_Game/Content/StylizedDungeonVol2/Meshes/Props/SM_Crate_1_2.ubulk" 1419
"D:/Git_projects/UE/UE5_Ball_Game/UE5_Ball_Game/Content/StylizedDungeonVol2/Meshes/Props/SM_Crate_1_2.uasset" 1420
"D:/Git_projects/UE/UE5_Ball_Game/UE5_Ball_Game/Content/StylizedDungeonVol2/Meshes/Props/SM_Crate_1_2.uexp" 1421
"D:/Git_projects/UE/UE5_Ball_Game/UE5_Ball_Game/Content/StylizedDungeonVol2/Textures/Crate/T_Crate_1_D_Metal.ubulk" 1422
"D:/Git_projects/UE/UE5_Ball_Game/UE5_Ball_Game/Content/StylizedDungeonVol2/Textures/Crate/T_Crate_1_D_Metal.uasset" 1423
"D:/Git_projects/UE/UE5_Ball_Game/UE5_Ball_Game/Content/StylizedDungeonVol2/Textures/Crate/T_Crate_1_D_Metal.uexp" 1424
"D:/Git_projects/UE/UE5_Ball_Game/UE5_Ball_Game/Content/StylizedDungeonVol2/Materials/MI_Crate_1_D_Metal.uasset" 1425
"D:/Git_projects/UE/UE5_Ball_Game/UE5_Ball_Game/Content/StylizedDungeonVol2/Materials/MI_Crate_1_D_Metal.uexp" 1426
"D:/Git_projects/UE/UE5_Ball_Game/UE5_Ball_Game/Content/StylizedDungeonVol2/Textures/Crate/T_Crate_1_D_Wood.ubulk" 1427
"D:/Git_projects/UE/UE5_Ball_Game/UE5_Ball_Game/Content/StylizedDungeonVol2/Textures/Crate/T_Crate_1_D_Wood.uasset" 1428
"D:/Git_projects/UE/UE5_Ball_Game/UE5_Ball_Game/Content/StylizedDungeonVol2/Textures/Crate/T_Crate_1_D_Wood.uexp" 1429
"D:/Git_projects/UE/UE5_Ball_Game/UE5_Ball_Game/Content/StylizedDungeonVol2/Materials/MI_Crate_1_D_Wood.uasset" 1430
"D:/Git_projects/UE/UE5_Ball_Game/UE5_Ball_Game/Content/StylizedDungeonVol2/Materials/MI_Crate_1_D_Wood.uexp" 1431
"D:/Git_projects/UE/UE5_Ball_Game/UE5_Ball_Game/Content/StylizedDungeonVol2/Meshes/Props/SM_Crate_1_D.ubulk" 1432
"D:/Git_projects/UE/UE5_Ball_Game/UE5_Ball_Game/Content/StylizedDungeonVol2/Meshes/Props/SM_Crate_1_D.uasset" 1433
"D:/Git_projects/UE/UE5_Ball_Game/UE5_Ball_Game/Content/StylizedDungeonVol2/Meshes/Props/SM_Crate_1_D.uexp" 1434
"D:/Git_projects/UE/UE5_Ball_Game/UE5_Ball_Game/Content/StylizedDungeonVol2/Meshes/Props/SM_Crate_1_D_2.ubulk" 1435
"D:/Git_projects/UE/UE5_Ball_Game/UE5_Ball_Game/Content/StylizedDungeonVol2/Meshes/Props/SM_Crate_1_D_2.uasset" 1436
"D:/Git_projects/UE/UE5_Ball_Game/UE5_Ball_Game/Content/StylizedDungeonVol2/Meshes/Props/SM_Crate_1_D_2.uexp" 1437
"D:/Git_projects/UE/UE5_Ball_Game/UE5_Ball_Game/Content/StylizedDungeonVol2/Meshes/Props/SM_Crate_1_WoodPlank.ubulk" 1438
"D:/Git_projects/UE/UE5_Ball_Game/UE5_Ball_Game/Content/StylizedDungeonVol2/Meshes/Props/SM_Crate_1_WoodPlank.uasset" 1439
"D:/Git_projects/UE/UE5_Ball_Game/UE5_Ball_Game/Content/StylizedDungeonVol2/Meshes/Props/SM_Crate_1_WoodPlank.uexp" 1440
"D:/Git_projects/UE/UE5_Ball_Game/UE5_Ball_Game/Content/StylizedDungeonVol2/Meshes/Props/SM_Crate_Top.ubulk" 1441
"D:/Git_projects/UE/UE5_Ball_Game/UE5_Ball_Game/Content/StylizedDungeonVol2/Meshes/Props/SM_Crate_Top.uasset" 1442
"D:/Git_projects/UE/UE5_Ball_Game/UE5_Ball_Game/Content/StylizedDungeonVol2/Meshes/Props/SM_Crate_Top.uexp" 1443
"D:/Git_projects/UE/UE5_Ball_Game/UE5_Ball_Game/Content/StylizedDungeonVol2/Materials/MI_Crystal_3.uasset" 1444
"D:/Git_projects/UE/UE5_Ball_Game/UE5_Ball_Game/Content/StylizedDungeonVol2/Materials/MI_Crystal_3.uexp" 1445
"D:/Git_projects/UE/UE5_Ball_Game/UE5_Ball_Game/Content/StylizedDungeonVol2/Textures/Mug/T_Mug_1_Metal.ubulk" 1446
"D:/Git_projects/UE/UE5_Ball_Game/UE5_Ball_Game/Content/StylizedDungeonVol2/Textures/Mug/T_Mug_1_Metal.uasset" 1447
"D:/Git_projects/UE/UE5_Ball_Game/UE5_Ball_Game/Content/StylizedDungeonVol2/Textures/Mug/T_Mug_1_Metal.uexp" 1448
"D:/Git_projects/UE/UE5_Ball_Game/UE5_Ball_Game/Content/StylizedDungeonVol2/Materials/MI_Mug_1_Metal.uasset" 1449
"D:/Git_projects/UE/UE5_Ball_Game/UE5_Ball_Game/Content/StylizedDungeonVol2/Materials/MI_Mug_1_Metal.uexp" 1450
"D:/Git_projects/UE/UE5_Ball_Game/UE5_Ball_Game/Content/StylizedDungeonVol2/Textures/Mug/T_Mug_1_Wood.ubulk" 1451
"D:/Git_projects/UE/UE5_Ball_Game/UE5_Ball_Game/Content/StylizedDungeonVol2/Textures/Mug/T_Mug_1_Wood.uasset" 1452
"D:/Git_projects/UE/UE5_Ball_Game/UE5_Ball_Game/Content/StylizedDungeonVol2/Textures/Mug/T_Mug_1_Wood.uexp" 1453
"D:/Git_projects/UE/UE5_Ball_Game/UE5_Ball_Game/Content/StylizedDungeonVol2/Materials/MI_Mug_1_Wood.uasset" 1454
"D:/Git_projects/UE/UE5_Ball_Game/UE5_Ball_Game/Content/StylizedDungeonVol2/Materials/MI_Mug_1_Wood.uexp" 1455
"D:/Git_projects/UE/UE5_Ball_Game/UE5_Ball_Game/Content/StylizedDungeonVol2/Meshes/Props/SM_Mug_1.ubulk" 1456
"D:/Git_projects/UE/UE5_Ball_Game/UE5_Ball_Game/Content/StylizedDungeonVol2/Meshes/Props/SM_Mug_1.uasset" 1457
"D:/Git_projects/UE/UE5_Ball_Game/UE5_Ball_Game/Content/StylizedDungeonVol2/Meshes/Props/SM_Mug_1.uexp" 1458
"D:/Git_projects/UE/UE5_Ball_Game/UE5_Ball_Game/Content/StylizedDungeonVol2/Textures/Table/T_Table_1.ubulk" 1459
"D:/Git_projects/UE/UE5_Ball_Game/UE5_Ball_Game/Content/StylizedDungeonVol2/Textures/Table/T_Table_1.uasset" 1460
"D:/Git_projects/UE/UE5_Ball_Game/UE5_Ball_Game/Content/StylizedDungeonVol2/Textures/Table/T_Table_1.uexp" 1461
"D:/Git_projects/UE/UE5_Ball_Game/UE5_Ball_Game/Content/StylizedDungeonVol2/Materials/MI_Table_1.uasset" 1462
"D:/Git_projects/UE/UE5_Ball_Game/UE5_Ball_Game/Content/StylizedDungeonVol2/Materials/MI_Table_1.uexp" 1463
"D:/Git_projects/UE/UE5_Ball_Game/UE5_Ball_Game/Content/StylizedDungeonVol2/Textures/Table/T_Table_1_Metal.ubulk" 1464
"D:/Git_projects/UE/UE5_Ball_Game/UE5_Ball_Game/Content/StylizedDungeonVol2/Textures/Table/T_Table_1_Metal.uasset" 1465
"D:/Git_projects/UE/UE5_Ball_Game/UE5_Ball_Game/Content/StylizedDungeonVol2/Textures/Table/T_Table_1_Metal.uexp" 1466
"D:/Git_projects/UE/UE5_Ball_Game/UE5_Ball_Game/Content/StylizedDungeonVol2/Materials/MI_Table_1_Metal.uasset" 1467
"D:/Git_projects/UE/UE5_Ball_Game/UE5_Ball_Game/Content/StylizedDungeonVol2/Materials/MI_Table_1_Metal.uexp" 1468
"D:/Git_projects/UE/UE5_Ball_Game/UE5_Ball_Game/Content/StylizedDungeonVol2/Textures/Table/T_Table_1_Wood.ubulk" 1469
"D:/Git_projects/UE/UE5_Ball_Game/UE5_Ball_Game/Content/StylizedDungeonVol2/Textures/Table/T_Table_1_Wood.uasset" 1470
"D:/Git_projects/UE/UE5_Ball_Game/UE5_Ball_Game/Content/StylizedDungeonVol2/Textures/Table/T_Table_1_Wood.uexp" 1471
"D:/Git_projects/UE/UE5_Ball_Game/UE5_Ball_Game/Content/StylizedDungeonVol2/Materials/MI_Table_1_Wood.uasset" 1472
"D:/Git_projects/UE/UE5_Ball_Game/UE5_Ball_Game/Content/StylizedDungeonVol2/Materials/MI_Table_1_Wood.uexp" 1473
"D:/Git_projects/UE/UE5_Ball_Game/UE5_Ball_Game/Content/StylizedDungeonVol2/Meshes/Props/SM_Table_1.ubulk" 1474
"D:/Git_projects/UE/UE5_Ball_Game/UE5_Ball_Game/Content/StylizedDungeonVol2/Meshes/Props/SM_Table_1.uasset" 1475
"D:/Git_projects/UE/UE5_Ball_Game/UE5_Ball_Game/Content/StylizedDungeonVol2/Meshes/Props/SM_Table_1.uexp" 1476
"D:/Git_projects/UE/UE5_Ball_Game/UE5_Ball_Game/Content/StylizedDungeonVol2/Meshes/Props/SM_Torch_1.ubulk" 1477
"D:/Git_projects/UE/UE5_Ball_Game/UE5_Ball_Game/Content/StylizedDungeonVol2/Meshes/Props/SM_Torch_1.uasset" 1478
"D:/Git_projects/UE/UE5_Ball_Game/UE5_Ball_Game/Content/StylizedDungeonVol2/Meshes/Props/SM_Torch_1.uexp" 1479
"D:/Git_projects/UE/UE5_Ball_Game/UE5_Ball_Game/Content/StylizedDungeonVol2/Materials/MI_Shelving_Metal_1.uasset" 1480
"D:/Git_projects/UE/UE5_Ball_Game/UE5_Ball_Game/Content/StylizedDungeonVol2/Materials/MI_Shelving_Metal_1.uexp" 1481
"D:/Git_projects/UE/UE5_Ball_Game/UE5_Ball_Game/Content/StylizedDungeonVol2/Textures/Wood_Shelving/T_Wood_Shelving_1.ubulk" 1482
"D:/Git_projects/UE/UE5_Ball_Game/UE5_Ball_Game/Content/StylizedDungeonVol2/Textures/Wood_Shelving/T_Wood_Shelving_1.uasset" 1483
"D:/Git_projects/UE/UE5_Ball_Game/UE5_Ball_Game/Content/StylizedDungeonVol2/Textures/Wood_Shelving/T_Wood_Shelving_1.uexp" 1484
"D:/Git_projects/UE/UE5_Ball_Game/UE5_Ball_Game/Content/StylizedDungeonVol2/Materials/MI_Shelving_Wood_1.uasset" 1485
"D:/Git_projects/UE/UE5_Ball_Game/UE5_Ball_Game/Content/StylizedDungeonVol2/Materials/MI_Shelving_Wood_1.uexp" 1486
"D:/Git_projects/UE/UE5_Ball_Game/UE5_Ball_Game/Content/StylizedDungeonVol2/Meshes/Props/SM_Wood_Shelving_1.ubulk" 1487
"D:/Git_projects/UE/UE5_Ball_Game/UE5_Ball_Game/Content/StylizedDungeonVol2/Meshes/Props/SM_Wood_Shelving_1.uasset" 1488
"D:/Git_projects/UE/UE5_Ball_Game/UE5_Ball_Game/Content/StylizedDungeonVol2/Meshes/Props/SM_Wood_Shelving_1.uexp" 1489
"D:/Git_projects/UE/UE5_Ball_Game/UE5_Ball_Game/Content/StylizedDungeonVol2/Textures/Hole/T_Hole_1_Metal.ubulk" 1490
"D:/Git_projects/UE/UE5_Ball_Game/UE5_Ball_Game/Content/StylizedDungeonVol2/Textures/Hole/T_Hole_1_Metal.uasset" 1491
"D:/Git_projects/UE/UE5_Ball_Game/UE5_Ball_Game/Content/StylizedDungeonVol2/Textures/Hole/T_Hole_1_Metal.uexp" 1492
"D:/Git_projects/UE/UE5_Ball_Game/UE5_Ball_Game/Content/StylizedDungeonVol2/Materials/MI_Hole_1_Metal.uasset" 1493
"D:/Git_projects/UE/UE5_Ball_Game/UE5_Ball_Game/Content/StylizedDungeonVol2/Materials/MI_Hole_1_Metal.uexp" 1494
"D:/Git_projects/UE/UE5_Ball_Game/UE5_Ball_Game/Content/StylizedDungeonVol2/Meshes/Traps/SM_T_Hole_1.ubulk" 1495
"D:/Git_projects/UE/UE5_Ball_Game/UE5_Ball_Game/Content/StylizedDungeonVol2/Meshes/Traps/SM_T_Hole_1.uasset" 1496
"D:/Git_projects/UE/UE5_Ball_Game/UE5_Ball_Game/Content/StylizedDungeonVol2/Meshes/Traps/SM_T_Hole_1.uexp" 1497
"D:/Git_projects/UE/UE5_Ball_Game/UE5_Ball_Game/Content/StylizedDungeonVol2/Meshes/Traps/SM_T_Hole_2.ubulk" 1498
"D:/Git_projects/UE/UE5_Ball_Game/UE5_Ball_Game/Content/StylizedDungeonVol2/Meshes/Traps/SM_T_Hole_2.uasset" 1499
"D:/Git_projects/UE/UE5_Ball_Game/UE5_Ball_Game/Content/StylizedDungeonVol2/Meshes/Traps/SM_T_Hole_2.uexp" 1500
"D:/Git_projects/UE/UE5_Ball_Game/UE5_Ball_Game/Content/02_Maps/Demo_Map_1.uexp" 1501
"D:/Git_projects/UE/UE5_Ball_Game/UE5_Ball_Game/Content/02_Maps/Demo_Map_1.umap" 1502
"../../../Engine/Content/BasicShapes/Sphere.ubulk" 1503
"../../../Engine/Content/BasicShapes/Sphere.uasset" 1504
"../../../Engine/Content/BasicShapes/Sphere.uexp" 1505
"../../../Engine/Content/BasicShapes/BasicShapeMaterial.uasset" 1506
"../../../Engine/Content/BasicShapes/BasicShapeMaterial.uexp" 1507
"D:/Git_projects/UE/UE5_Ball_Game/UE5_Ball_Game/Content/Input/Actions/IA_Move.uasset" 1508
"D:/Git_projects/UE/UE5_Ball_Game/UE5_Ball_Game/Content/Input/Actions/IA_Move.uexp" 1509
"D:/Git_projects/UE/UE5_Ball_Game/UE5_Ball_Game/Content/Input/Actions/IA_MouseLook.uasset" 1510
"D:/Git_projects/UE/UE5_Ball_Game/UE5_Ball_Game/Content/Input/Actions/IA_MouseLook.uexp" 1511
"D:/Git_projects/UE/UE5_Ball_Game/UE5_Ball_Game/Content/00_Imports/Audio/hit-sound-hit-punch-free-suhomunriko.ubulk" 1512
"D:/Git_projects/UE/UE5_Ball_Game/UE5_Ball_Game/Content/00_Imports/Audio/hit-sound-hit-punch-free-suhomunriko.uasset" 1513
"D:/Git_projects/UE/UE5_Ball_Game/UE5_Ball_Game/Content/00_Imports/Audio/hit-sound-hit-punch-free-suhomunriko.uexp" 1514
"D:/Git_projects/UE/UE5_Ball_Game/UE5_Ball_Game/Content/01_Blueprints/Components/Component_Player.uasset" 1515
"D:/Git_projects/UE/UE5_Ball_Game/UE5_Ball_Game/Content/01_Blueprints/Components/Component_Player.uexp" 1516
"D:/Git_projects/UE/UE5_Ball_Game/UE5_Ball_Game/Content/01_Blueprints/Interfaces/Interface_Puzzle.uasset" 1517
"D:/Git_projects/UE/UE5_Ball_Game/UE5_Ball_Game/Content/01_Blueprints/Interfaces/Interface_Puzzle.uexp" 1518
"D:/Git_projects/UE/UE5_Ball_Game/UE5_Ball_Game/Content/Input/Actions/IA_Jump.uasset" 1519
"D:/Git_projects/UE/UE5_Ball_Game/UE5_Ball_Game/Content/Input/Actions/IA_Jump.uexp" 1520
"D:/Git_projects/UE/UE5_Ball_Game/UE5_Ball_Game/Content/Input/Actions/IA_Look.uasset" 1521
"D:/Git_projects/UE/UE5_Ball_Game/UE5_Ball_Game/Content/Input/Actions/IA_Look.uexp" 1522
"D:/Git_projects/UE/UE5_Ball_Game/UE5_Ball_Game/Content/Input/IMC_Default.uasset" 1523
"D:/Git_projects/UE/UE5_Ball_Game/UE5_Ball_Game/Content/Input/IMC_Default.uexp" 1524
"D:/Git_projects/UE/UE5_Ball_Game/UE5_Ball_Game/Content/01_Blueprints/Components/Component_PlayerController.uasset" 1525
"D:/Git_projects/UE/UE5_Ball_Game/UE5_Ball_Game/Content/01_Blueprints/Components/Component_PlayerController.uexp" 1526
"D:/Git_projects/UE/UE5_Ball_Game/UE5_Ball_Game/Content/01_Blueprints/BP_Ball.uasset" 1527
"D:/Git_projects/UE/UE5_Ball_Game/UE5_Ball_Game/Content/01_Blueprints/BP_Ball.uexp" 1528
"../../../Engine/Content/EngineSky/M_SimpleSkyDome.uasset" 1529
"../../../Engine/Content/EngineSky/M_SimpleSkyDome.uexp" 1530
"../../../Engine/Content/Functions/Engine_MaterialFunctions02/Utility/BreakOutFloat4Components.uasset" 1531
"../../../Engine/Content/Functions/Engine_MaterialFunctions02/Utility/BreakOutFloat4Components.uexp" 1532
"../../../Engine/Content/Functions/Engine_MaterialFunctions02/Utility/MakeFloat4.uasset" 1533
"../../../Engine/Content/Functions/Engine_MaterialFunctions02/Utility/MakeFloat4.uexp" 1534
"../../../Engine/Content/EngineResources/DefaultVolumeTexture2D.uasset" 1535
"../../../Engine/Content/EngineResources/DefaultVolumeTexture2D.uexp" 1536
"../../../Engine/Content/EngineResources/DefaultVolumeTexture.uasset" 1537
"../../../Engine/Content/EngineResources/DefaultVolumeTexture.uexp" 1538
"../../../Engine/Content/EngineSky/VolumetricClouds/VT_Lightning.uasset" 1539
"../../../Engine/Content/EngineSky/VolumetricClouds/VT_Lightning.uexp" 1540
"../../../Engine/Content/Functions/Engine_MaterialFunctions01/Units/Km-to-Cm.uasset" 1541
"../../../Engine/Content/Functions/Engine_MaterialFunctions01/Units/Km-to-Cm.uexp" 1542
"../../../Engine/Content/EngineSky/VolumetricClouds/m_SimpleVolumetricCloud.uasset" 1543
"../../../Engine/Content/EngineSky/VolumetricClouds/m_SimpleVolumetricCloud.uexp" 1544
"../../../Engine/Content/EngineSky/VolumetricClouds/T_CloudMask.ubulk" 1545
"../../../Engine/Content/EngineSky/VolumetricClouds/T_CloudMask.uasset" 1546
"../../../Engine/Content/EngineSky/VolumetricClouds/T_CloudMask.uexp" 1547
"../../../Engine/Content/EngineSky/VolumetricClouds/T_CloudPattern.ubulk" 1548
"../../../Engine/Content/EngineSky/VolumetricClouds/T_CloudPattern.uasset" 1549
"../../../Engine/Content/EngineSky/VolumetricClouds/T_CloudPattern.uexp" 1550
"../../../Engine/Content/EngineSky/VolumetricClouds/T_Profile_08.ubulk" 1551
"../../../Engine/Content/EngineSky/VolumetricClouds/T_Profile_08.uasset" 1552
"../../../Engine/Content/EngineSky/VolumetricClouds/T_Profile_08.uexp" 1553
"../../../Engine/Content/EngineSky/VolumetricClouds/VT_PerlinWorley_Balanced.uasset" 1554
"../../../Engine/Content/EngineSky/VolumetricClouds/VT_PerlinWorley_Balanced.uexp" 1555
"../../../Engine/Content/EngineSky/VolumetricClouds/m_SimpleVolumetricCloud_Inst.uasset" 1556
"../../../Engine/Content/EngineSky/VolumetricClouds/m_SimpleVolumetricCloud_Inst.uexp" 1557
"D:/Git_projects/UE/UE5_Ball_Game/UE5_Ball_Game/Content/Input/IMC_MouseLook.uasset" 1558
"D:/Git_projects/UE/UE5_Ball_Game/UE5_Ball_Game/Content/Input/IMC_MouseLook.uexp" 1559
"D:/Git_projects/UE/UE5_Ball_Game/UE5_Ball_Game/Content/Input/Touch/BPI_TouchInterface.uasset" 1560
"D:/Git_projects/UE/UE5_Ball_Game/UE5_Ball_Game/Content/Input/Touch/BPI_TouchInterface.uexp" 1561
"../../../Engine/Content/MobileResources/HUD/VirtualJoystick_Background.uasset" 1562
"../../../Engine/Content/MobileResources/HUD/VirtualJoystick_Background.uexp" 1563
"../../../Engine/Content/MobileResources/HUD/VirtualJoystick_Thumb.uasset" 1564
"../../../Engine/Content/MobileResources/HUD/VirtualJoystick_Thumb.uexp" 1565
"D:/Git_projects/UE/UE5_Ball_Game/UE5_Ball_Game/Content/Input/Touch/UI_Thumbstick.uasset" 1566
"D:/Git_projects/UE/UE5_Ball_Game/UE5_Ball_Game/Content/Input/Touch/UI_Thumbstick.uexp" 1567
"D:/Git_projects/UE/UE5_Ball_Game/UE5_Ball_Game/Content/Input/Touch/UI_TouchSimple.uasset" 1568
"D:/Git_projects/UE/UE5_Ball_Game/UE5_Ball_Game/Content/Input/Touch/UI_TouchSimple.uexp" 1569
"D:/Git_projects/UE/UE5_Ball_Game/UE5_Ball_Game/Content/ThirdPerson/Blueprints/BP_ThirdPersonPlayerController.uasset" 1570
"D:/Git_projects/UE/UE5_Ball_Game/UE5_Ball_Game/Content/ThirdPerson/Blueprints/BP_ThirdPersonPlayerController.uexp" 1571
"D:/Git_projects/UE/UE5_Ball_Game/UE5_Ball_Game/Content/ThirdPerson/Blueprints/BP_ThirdPersonGameMode.uasset" 1572
"D:/Git_projects/UE/UE5_Ball_Game/UE5_Ball_Game/Content/ThirdPerson/Blueprints/BP_ThirdPersonGameMode.uexp" 1573
"D:/Git_projects/UE/UE5_Ball_Game/UE5_Ball_Game/Content/PuzzleLogicSystem/PLS_Blueprints/Misc/ENUM_LogicTriggerStates.uasset" 1574
"D:/Git_projects/UE/UE5_Ball_Game/UE5_Ball_Game/Content/PuzzleLogicSystem/PLS_Blueprints/Misc/ENUM_LogicTriggerStates.uexp" 1575
"D:/Git_projects/UE/UE5_Ball_Game/UE5_Ball_Game/Content/PuzzleLogicSystem/UI/Fonts/DefaultFont.uasset" 1576
"D:/Git_projects/UE/UE5_Ball_Game/UE5_Ball_Game/Content/PuzzleLogicSystem/UI/Fonts/DefaultFont.uexp" 1577
"D:/Git_projects/UE/UE5_Ball_Game/UE5_Ball_Game/Content/PuzzleLogicSystem/UI/Fonts/DefaultFontMaterial_Emissive.uasset" 1578
"D:/Git_projects/UE/UE5_Ball_Game/UE5_Ball_Game/Content/PuzzleLogicSystem/UI/Fonts/DefaultFontMaterial_Emissive.uexp" 1579
"D:/Git_projects/UE/UE5_Ball_Game/UE5_Ball_Game/Content/PuzzleLogicSystem/Materials/M_DefaultMaterial.uasset" 1580
"D:/Git_projects/UE/UE5_Ball_Game/UE5_Ball_Game/Content/PuzzleLogicSystem/Materials/M_DefaultMaterial.uexp" 1581
"D:/Git_projects/UE/UE5_Ball_Game/UE5_Ball_Game/Content/PuzzleLogicSystem/Meshes/PuzzleLogicMeshes/SM_CubeBevelled.ubulk" 1582
"D:/Git_projects/UE/UE5_Ball_Game/UE5_Ball_Game/Content/PuzzleLogicSystem/Meshes/PuzzleLogicMeshes/SM_CubeBevelled.uasset" 1583
"D:/Git_projects/UE/UE5_Ball_Game/UE5_Ball_Game/Content/PuzzleLogicSystem/Meshes/PuzzleLogicMeshes/SM_CubeBevelled.uexp" 1584
"D:/Git_projects/UE/UE5_Ball_Game/UE5_Ball_Game/Content/PuzzleLogicSystem/PLS_Blueprints/Misc/STRUCT_LogicTriggerActor.uasset" 1585
"D:/Git_projects/UE/UE5_Ball_Game/UE5_Ball_Game/Content/PuzzleLogicSystem/PLS_Blueprints/Misc/STRUCT_LogicTriggerActor.uexp" 1586
"D:/Git_projects/UE/UE5_Ball_Game/UE5_Ball_Game/Content/PuzzleLogicSystem/PLS_Blueprints/Misc/BP_PuzzleLogicVisualiser.uasset" 1587
"D:/Git_projects/UE/UE5_Ball_Game/UE5_Ball_Game/Content/PuzzleLogicSystem/PLS_Blueprints/Misc/BP_PuzzleLogicVisualiser.uexp" 1588
"D:/Git_projects/UE/UE5_Ball_Game/UE5_Ball_Game/Content/PuzzleLogicSystem/PLS_Blueprints/Misc/BPI_PuzzleLogic.uasset" 1589
"D:/Git_projects/UE/UE5_Ball_Game/UE5_Ball_Game/Content/PuzzleLogicSystem/PLS_Blueprints/Misc/BPI_PuzzleLogic.uexp" 1590
"D:/Git_projects/UE/UE5_Ball_Game/UE5_Ball_Game/Content/PuzzleLogicSystem/PLS_Blueprints/LogicObjects/ParentClasses/BP_LogicObject_Base.uasset" 1591
"D:/Git_projects/UE/UE5_Ball_Game/UE5_Ball_Game/Content/PuzzleLogicSystem/PLS_Blueprints/LogicObjects/ParentClasses/BP_LogicObject_Base.uexp" 1592
"D:/Git_projects/UE/UE5_Ball_Game/UE5_Ball_Game/Content/PuzzleLogicSystem/Materials/M_LogicActivated.uasset" 1593
"D:/Git_projects/UE/UE5_Ball_Game/UE5_Ball_Game/Content/PuzzleLogicSystem/Materials/M_LogicActivated.uexp" 1594
"D:/Git_projects/UE/UE5_Ball_Game/UE5_Ball_Game/Content/PuzzleLogicSystem/Materials/M_LogicDeactivated.uasset" 1595
"D:/Git_projects/UE/UE5_Ball_Game/UE5_Ball_Game/Content/PuzzleLogicSystem/Materials/M_LogicDeactivated.uexp" 1596
"D:/Git_projects/UE/UE5_Ball_Game/UE5_Ball_Game/Content/PuzzleLogicSystem/Materials/M_LogicCounter.uasset" 1597
"D:/Git_projects/UE/UE5_Ball_Game/UE5_Ball_Game/Content/PuzzleLogicSystem/Materials/M_LogicCounter.uexp" 1598
"D:/Git_projects/UE/UE5_Ball_Game/UE5_Ball_Game/Content/PuzzleLogicSystem/Materials/M_LogicCubeInner.uasset" 1599
"D:/Git_projects/UE/UE5_Ball_Game/UE5_Ball_Game/Content/PuzzleLogicSystem/Materials/M_LogicCubeInner.uexp" 1600
"D:/Git_projects/UE/UE5_Ball_Game/UE5_Ball_Game/Content/PuzzleLogicSystem/Materials/M_LogicOjectMoveable.uasset" 1601
"D:/Git_projects/UE/UE5_Ball_Game/UE5_Ball_Game/Content/PuzzleLogicSystem/Materials/M_LogicOjectMoveable.uexp" 1602
"D:/Git_projects/UE/UE5_Ball_Game/UE5_Ball_Game/Content/PuzzleLogicSystem/Materials/M_LogicOjectDefault.uasset" 1603
"D:/Git_projects/UE/UE5_Ball_Game/UE5_Ball_Game/Content/PuzzleLogicSystem/Materials/M_LogicOjectDefault.uexp" 1604
"D:/Git_projects/UE/UE5_Ball_Game/UE5_Ball_Game/Content/PuzzleLogicSystem/Meshes/PuzzleLogicMeshes/SM_Counter.ubulk" 1605
"D:/Git_projects/UE/UE5_Ball_Game/UE5_Ball_Game/Content/PuzzleLogicSystem/Meshes/PuzzleLogicMeshes/SM_Counter.uasset" 1606
"D:/Git_projects/UE/UE5_Ball_Game/UE5_Ball_Game/Content/PuzzleLogicSystem/Meshes/PuzzleLogicMeshes/SM_Counter.uexp" 1607
"D:/Git_projects/UE/UE5_Ball_Game/UE5_Ball_Game/Content/PuzzleLogicSystem/PLS_Blueprints/LogicObjects/BP_Counter.uasset" 1608
"D:/Git_projects/UE/UE5_Ball_Game/UE5_Ball_Game/Content/PuzzleLogicSystem/PLS_Blueprints/LogicObjects/BP_Counter.uexp" 1609
"D:/Git_projects/UE/UE5_Ball_Game/UE5_Ball_Game/Content/01_Blueprints/Enums/Enum_PuzzleID.uasset" 1610
"D:/Git_projects/UE/UE5_Ball_Game/UE5_Ball_Game/Content/01_Blueprints/Enums/Enum_PuzzleID.uexp" 1611
"D:/Git_projects/UE/UE5_Ball_Game/UE5_Ball_Game/Content/01_Blueprints/Enums/Enum_PuzzleItem.uasset" 1612
"D:/Git_projects/UE/UE5_Ball_Game/UE5_Ball_Game/Content/01_Blueprints/Enums/Enum_PuzzleItem.uexp" 1613
"D:/Git_projects/UE/UE5_Ball_Game/UE5_Ball_Game/Content/01_Blueprints/Sturctures/Structure_PuzzleItemInfo.uasset" 1614
"D:/Git_projects/UE/UE5_Ball_Game/UE5_Ball_Game/Content/01_Blueprints/Sturctures/Structure_PuzzleItemInfo.uexp" 1615
"D:/Git_projects/UE/UE5_Ball_Game/UE5_Ball_Game/Content/01_Blueprints/Components/Component_PuzzleItem.uasset" 1616
"D:/Git_projects/UE/UE5_Ball_Game/UE5_Ball_Game/Content/01_Blueprints/Components/Component_PuzzleItem.uexp" 1617
"D:/Git_projects/UE/UE5_Ball_Game/UE5_Ball_Game/Content/01_Blueprints/Actors/BP_PuzzleManager.uasset" 1618
"D:/Git_projects/UE/UE5_Ball_Game/UE5_Ball_Game/Content/01_Blueprints/Actors/BP_PuzzleManager.uexp" 1619
"D:/Git_projects/UE/UE5_Ball_Game/UE5_Ball_Game/Content/01_Blueprints/Enums/Enum_PuzzleAction.uasset" 1620
"D:/Git_projects/UE/UE5_Ball_Game/UE5_Ball_Game/Content/01_Blueprints/Enums/Enum_PuzzleAction.uexp" 1621
"D:/Git_projects/UE/UE5_Ball_Game/UE5_Ball_Game/Content/01_Blueprints/Sturctures/Structure_PuzzleObjective.uasset" 1622
"D:/Git_projects/UE/UE5_Ball_Game/UE5_Ball_Game/Content/01_Blueprints/Sturctures/Structure_PuzzleObjective.uexp" 1623
"D:/Git_projects/UE/UE5_Ball_Game/UE5_Ball_Game/Content/01_Blueprints/Sturctures/Structure_PuzzleInfo.uasset" 1624
"D:/Git_projects/UE/UE5_Ball_Game/UE5_Ball_Game/Content/01_Blueprints/Sturctures/Structure_PuzzleInfo.uexp" 1625
"D:/Git_projects/UE/UE5_Ball_Game/UE5_Ball_Game/Content/01_Blueprints/DataTables/DataTable_Puzzle.uasset" 1626
"D:/Git_projects/UE/UE5_Ball_Game/UE5_Ball_Game/Content/01_Blueprints/DataTables/DataTable_Puzzle.uexp" 1627
"D:/Git_projects/UE/UE5_Ball_Game/UE5_Ball_Game/Content/01_Blueprints/Components/Component_PuzzleOwner.uasset" 1628
"D:/Git_projects/UE/UE5_Ball_Game/UE5_Ball_Game/Content/01_Blueprints/Components/Component_PuzzleOwner.uexp" 1629
"D:/Git_projects/UE/UE5_Ball_Game/UE5_Ball_Game/Content/01_Blueprints/Actors/BP_SubLevelManager.uasset" 1630
"D:/Git_projects/UE/UE5_Ball_Game/UE5_Ball_Game/Content/01_Blueprints/Actors/BP_SubLevelManager.uexp" 1631
"D:/Git_projects/UE/UE5_Ball_Game/UE5_Ball_Game/Content/02_Maps/Level1.uexp" 1632
"D:/Git_projects/UE/UE5_Ball_Game/UE5_Ball_Game/Content/02_Maps/Level1.umap" 1633
"D:/Git_projects/UE/UE5_Ball_Game/UE5_Ball_Game/Content/Dungeon/Textures/T_door_iron_Base_Color.ubulk" 1634
"D:/Git_projects/UE/UE5_Ball_Game/UE5_Ball_Game/Content/Dungeon/Textures/T_door_iron_Base_Color.uasset" 1635
"D:/Git_projects/UE/UE5_Ball_Game/UE5_Ball_Game/Content/Dungeon/Textures/T_door_iron_Base_Color.uexp" 1636
"D:/Git_projects/UE/UE5_Ball_Game/UE5_Ball_Game/Content/Dungeon/Textures/T_door_iron_Normal.ubulk" 1637
"D:/Git_projects/UE/UE5_Ball_Game/UE5_Ball_Game/Content/Dungeon/Textures/T_door_iron_Normal.uasset" 1638
"D:/Git_projects/UE/UE5_Ball_Game/UE5_Ball_Game/Content/Dungeon/Textures/T_door_iron_Normal.uexp" 1639
"D:/Git_projects/UE/UE5_Ball_Game/UE5_Ball_Game/Content/Dungeon/Textures/T_door_iron_OcclusionRoughnessMetallic.ubulk" 1640
"D:/Git_projects/UE/UE5_Ball_Game/UE5_Ball_Game/Content/Dungeon/Textures/T_door_iron_OcclusionRoughnessMetallic.uasset" 1641
"D:/Git_projects/UE/UE5_Ball_Game/UE5_Ball_Game/Content/Dungeon/Textures/T_door_iron_OcclusionRoughnessMetallic.uexp" 1642
"D:/Git_projects/UE/UE5_Ball_Game/UE5_Ball_Game/Content/Dungeon/Material/M_door_iron.uasset" 1643
"D:/Git_projects/UE/UE5_Ball_Game/UE5_Ball_Game/Content/Dungeon/Material/M_door_iron.uexp" 1644
"D:/Git_projects/UE/UE5_Ball_Game/UE5_Ball_Game/Content/Dungeon/Material_Inst/MI_door_iron_Inst.uasset" 1645
"D:/Git_projects/UE/UE5_Ball_Game/UE5_Ball_Game/Content/Dungeon/Material_Inst/MI_door_iron_Inst.uexp" 1646
"D:/Git_projects/UE/UE5_Ball_Game/UE5_Ball_Game/Content/Dungeon/Static_Meshes/SM_door_iron_grid.ubulk" 1647
"D:/Git_projects/UE/UE5_Ball_Game/UE5_Ball_Game/Content/Dungeon/Static_Meshes/SM_door_iron_grid.uasset" 1648
"D:/Git_projects/UE/UE5_Ball_Game/UE5_Ball_Game/Content/Dungeon/Static_Meshes/SM_door_iron_grid.uexp" 1649
"D:/Git_projects/UE/UE5_Ball_Game/UE5_Ball_Game/Content/PuzzleLogicSystem/Meshes/PuzzleLogicMeshes/SM_Cube.ubulk" 1650
"D:/Git_projects/UE/UE5_Ball_Game/UE5_Ball_Game/Content/PuzzleLogicSystem/Meshes/PuzzleLogicMeshes/SM_Cube.uasset" 1651
"D:/Git_projects/UE/UE5_Ball_Game/UE5_Ball_Game/Content/PuzzleLogicSystem/Meshes/PuzzleLogicMeshes/SM_Cube.uexp" 1652
"D:/Git_projects/UE/UE5_Ball_Game/UE5_Ball_Game/Content/PuzzleLogicSystem/FX_Sound/Attenuation_Common.uasset" 1653
"D:/Git_projects/UE/UE5_Ball_Game/UE5_Ball_Game/Content/PuzzleLogicSystem/FX_Sound/Attenuation_Common.uexp" 1654
"D:/Git_projects/UE/UE5_Ball_Game/UE5_Ball_Game/Content/PuzzleLogicSystem/FX_Sound/SFX_PressurePlate.ubulk" 1655
"D:/Git_projects/UE/UE5_Ball_Game/UE5_Ball_Game/Content/PuzzleLogicSystem/FX_Sound/SFX_PressurePlate.uasset" 1656
"D:/Git_projects/UE/UE5_Ball_Game/UE5_Ball_Game/Content/PuzzleLogicSystem/FX_Sound/SFX_PressurePlate.uexp" 1657
"D:/Git_projects/UE/UE5_Ball_Game/UE5_Ball_Game/Content/PuzzleLogicSystem/Meshes/PuzzleLogicMeshes/SM_PressurePlate.ubulk" 1658
"D:/Git_projects/UE/UE5_Ball_Game/UE5_Ball_Game/Content/PuzzleLogicSystem/Meshes/PuzzleLogicMeshes/SM_PressurePlate.uasset" 1659
"D:/Git_projects/UE/UE5_Ball_Game/UE5_Ball_Game/Content/PuzzleLogicSystem/Meshes/PuzzleLogicMeshes/SM_PressurePlate.uexp" 1660
"D:/Git_projects/UE/UE5_Ball_Game/UE5_Ball_Game/Content/PuzzleLogicSystem/Meshes/PuzzleLogicMeshes/SM_PressurePlateBase.ubulk" 1661
"D:/Git_projects/UE/UE5_Ball_Game/UE5_Ball_Game/Content/PuzzleLogicSystem/Meshes/PuzzleLogicMeshes/SM_PressurePlateBase.uasset" 1662
"D:/Git_projects/UE/UE5_Ball_Game/UE5_Ball_Game/Content/PuzzleLogicSystem/Meshes/PuzzleLogicMeshes/SM_PressurePlateBase.uexp" 1663
"D:/Git_projects/UE/UE5_Ball_Game/UE5_Ball_Game/Content/PuzzleLogicSystem/PLS_Blueprints/LogicObjects/BP_PressurePlate.uasset" 1664
"D:/Git_projects/UE/UE5_Ball_Game/UE5_Ball_Game/Content/PuzzleLogicSystem/PLS_Blueprints/LogicObjects/BP_PressurePlate.uexp" 1665
"D:/Git_projects/UE/UE5_Ball_Game/UE5_Ball_Game/Content/PuzzleLogicSystem/PLS_Blueprints/Misc/BP_MovingCollision.uasset" 1666
"D:/Git_projects/UE/UE5_Ball_Game/UE5_Ball_Game/Content/PuzzleLogicSystem/PLS_Blueprints/Misc/BP_MovingCollision.uexp" 1667
"D:/Git_projects/UE/UE5_Ball_Game/UE5_Ball_Game/Content/PuzzleLogicSystem/Materials/M_Waypoint.uasset" 1668
"D:/Git_projects/UE/UE5_Ball_Game/UE5_Ball_Game/Content/PuzzleLogicSystem/Materials/M_Waypoint.uexp" 1669
"D:/Git_projects/UE/UE5_Ball_Game/UE5_Ball_Game/Content/PuzzleLogicSystem/PLS_Blueprints/Misc/BP_Waypoint.uasset" 1670
"D:/Git_projects/UE/UE5_Ball_Game/UE5_Ball_Game/Content/PuzzleLogicSystem/PLS_Blueprints/Misc/BP_Waypoint.uexp" 1671
"D:/Git_projects/UE/UE5_Ball_Game/UE5_Ball_Game/Content/PuzzleLogicSystem/FX_Sound/Attenuation_MovingPlatform.uasset" 1672
"D:/Git_projects/UE/UE5_Ball_Game/UE5_Ball_Game/Content/PuzzleLogicSystem/FX_Sound/Attenuation_MovingPlatform.uexp" 1673
"D:/Git_projects/UE/UE5_Ball_Game/UE5_Ball_Game/Content/PuzzleLogicSystem/FX_Sound/SFX_MovingPlatform.ubulk" 1674
"D:/Git_projects/UE/UE5_Ball_Game/UE5_Ball_Game/Content/PuzzleLogicSystem/FX_Sound/SFX_MovingPlatform.uasset" 1675
"D:/Git_projects/UE/UE5_Ball_Game/UE5_Ball_Game/Content/PuzzleLogicSystem/FX_Sound/SFX_MovingPlatform.uexp" 1676
"D:/Git_projects/UE/UE5_Ball_Game/UE5_Ball_Game/Content/PuzzleLogicSystem/FX_Sound/SFX_MovingPlatformStop.ubulk" 1677
"D:/Git_projects/UE/UE5_Ball_Game/UE5_Ball_Game/Content/PuzzleLogicSystem/FX_Sound/SFX_MovingPlatformStop.uasset" 1678
"D:/Git_projects/UE/UE5_Ball_Game/UE5_Ball_Game/Content/PuzzleLogicSystem/FX_Sound/SFX_MovingPlatformStop.uexp" 1679
"D:/Git_projects/UE/UE5_Ball_Game/UE5_Ball_Game/Content/PuzzleLogicSystem/PLS_Blueprints/Misc/STRUCT_MovingPlatformStates.uasset" 1680
"D:/Git_projects/UE/UE5_Ball_Game/UE5_Ball_Game/Content/PuzzleLogicSystem/PLS_Blueprints/Misc/STRUCT_MovingPlatformStates.uexp" 1681
"D:/Git_projects/UE/UE5_Ball_Game/UE5_Ball_Game/Content/PuzzleLogicSystem/PLS_Blueprints/Misc/STRUCT_MovingPlatformWaypoint.uasset" 1682
"D:/Git_projects/UE/UE5_Ball_Game/UE5_Ball_Game/Content/PuzzleLogicSystem/PLS_Blueprints/Misc/STRUCT_MovingPlatformWaypoint.uexp" 1683
"D:/Git_projects/UE/UE5_Ball_Game/UE5_Ball_Game/Content/01_Blueprints/Actors/BP_MovingGrid.uasset" 1684
"D:/Git_projects/UE/UE5_Ball_Game/UE5_Ball_Game/Content/01_Blueprints/Actors/BP_MovingGrid.uexp" 1685
"D:/Git_projects/UE/UE5_Ball_Game/UE5_Ball_Game/Content/03_Materials/M_FluorescentBlue.uasset" 1686
"D:/Git_projects/UE/UE5_Ball_Game/UE5_Ball_Game/Content/03_Materials/M_FluorescentBlue.uexp" 1687
"D:/Git_projects/UE/UE5_Ball_Game/UE5_Ball_Game/Content/PuzzleLogicSystem/FX_Sound/SFX_Pickup.ubulk" 1688
"D:/Git_projects/UE/UE5_Ball_Game/UE5_Ball_Game/Content/PuzzleLogicSystem/FX_Sound/SFX_Pickup.uasset" 1689
"D:/Git_projects/UE/UE5_Ball_Game/UE5_Ball_Game/Content/PuzzleLogicSystem/FX_Sound/SFX_Pickup.uexp" 1690
"D:/Git_projects/UE/UE5_Ball_Game/UE5_Ball_Game/Content/PuzzleLogicSystem/Meshes/PuzzleLogicMeshes/SM_PhysicsCrate.ubulk" 1691
"D:/Git_projects/UE/UE5_Ball_Game/UE5_Ball_Game/Content/PuzzleLogicSystem/Meshes/PuzzleLogicMeshes/SM_PhysicsCrate.uasset" 1692
"D:/Git_projects/UE/UE5_Ball_Game/UE5_Ball_Game/Content/PuzzleLogicSystem/Meshes/PuzzleLogicMeshes/SM_PhysicsCrate.uexp" 1693
"D:/Git_projects/UE/UE5_Ball_Game/UE5_Ball_Game/Content/PuzzleLogicSystem/PLS_Blueprints/Misc/PLS_PhysicsHandleComponent.uasset" 1694
"D:/Git_projects/UE/UE5_Ball_Game/UE5_Ball_Game/Content/PuzzleLogicSystem/PLS_Blueprints/Misc/PLS_PhysicsHandleComponent.uexp" 1695
"D:/Git_projects/UE/UE5_Ball_Game/UE5_Ball_Game/Content/PuzzleLogicSystem/PLS_Blueprints/LogicObjects/ParentClasses/BP_LogicObject_Physics_Base.uasset" 1696
"D:/Git_projects/UE/UE5_Ball_Game/UE5_Ball_Game/Content/PuzzleLogicSystem/PLS_Blueprints/LogicObjects/ParentClasses/BP_LogicObject_Physics_Base.uexp" 1697
"D:/Git_projects/UE/UE5_Ball_Game/UE5_Ball_Game/Content/PuzzleLogicSystem/UI/Widget_InteractPrompt.uasset" 1698
"D:/Git_projects/UE/UE5_Ball_Game/UE5_Ball_Game/Content/PuzzleLogicSystem/UI/Widget_InteractPrompt.uexp" 1699
"D:/Git_projects/UE/UE5_Ball_Game/UE5_Ball_Game/Content/PuzzleLogicSystem/PLS_Blueprints/Misc/PLS_InteractableManager.uasset" 1700
"D:/Git_projects/UE/UE5_Ball_Game/UE5_Ball_Game/Content/PuzzleLogicSystem/PLS_Blueprints/Misc/PLS_InteractableManager.uexp" 1701
"D:/Git_projects/UE/UE5_Ball_Game/UE5_Ball_Game/Content/PuzzleLogicSystem/PLS_Blueprints/LogicObjects/ParentClasses/BP_LogicObject_Interactable_Base.uasset" 1702
"D:/Git_projects/UE/UE5_Ball_Game/UE5_Ball_Game/Content/PuzzleLogicSystem/PLS_Blueprints/LogicObjects/ParentClasses/BP_LogicObject_Interactable_Base.uexp" 1703
"D:/Git_projects/UE/UE5_Ball_Game/UE5_Ball_Game/Content/01_Blueprints/Actors/BP_PhysicsObject_Crate.uasset" 1704
"D:/Git_projects/UE/UE5_Ball_Game/UE5_Ball_Game/Content/01_Blueprints/Actors/BP_PhysicsObject_Crate.uexp" 1705
"D:/Git_projects/UE/UE5_Ball_Game/UE5_Ball_Game/Content/02_Maps/StreamingLevel1.uexp" 1706
"D:/Git_projects/UE/UE5_Ball_Game/UE5_Ball_Game/Content/02_Maps/StreamingLevel1.umap" 1707
"D:/Git_projects/UE/UE5_Ball_Game/UE5_Ball_Game/Content/03_Materials/M_FluorescentOrange.uasset" 1708
"D:/Git_projects/UE/UE5_Ball_Game/UE5_Ball_Game/Content/03_Materials/M_FluorescentOrange.uexp" 1709
"D:/Git_projects/UE/UE5_Ball_Game/UE5_Ball_Game/Content/01_Blueprints/Actors/BP_PhysicsObject_Crate1.uasset" 1710
"D:/Git_projects/UE/UE5_Ball_Game/UE5_Ball_Game/Content/01_Blueprints/Actors/BP_PhysicsObject_Crate1.uexp" 1711
"D:/Git_projects/UE/UE5_Ball_Game/UE5_Ball_Game/Content/02_Maps/StreamingLevel2.uexp" 1712
"D:/Git_projects/UE/UE5_Ball_Game/UE5_Ball_Game/Content/02_Maps/StreamingLevel2.umap" 1713
